-- ----------------------------------------------------
-- 	MC-Entertainment                               --
--	Databasefix by Baum UPDATE 1.17 [12.06.2010]   --
--	for mc-wow [Lennix]                            --
-- ----------------------------------------------------
delete from creature where map = 429;
delete from gameobject where map = 429;


INSERT INTO `creature` VALUES
(390288, 13022, 429, 0, 0, 294.296, -505.216, -119.12, 6.10884, 25000, 5, 0, 1883, 0, 0, 1),
(390286, 13022, 429, 0, 0, 288.284, -504.158, -119.12, 4.39038, 25000, 5, 0, 1265, 0, 0, 1),
(390284, 13022, 429, 0, 0, 290.367, -497.916, -119.12, 4.39038, 25000, 5, 0, 1883, 0, 0, 1),
(390282, 13022, 429, 0, 0, 300.591, -465.052, -119.12, 6.11983, 25000, 5, 0, 1265, 0, 0, 1),
(390280, 13022, 429, 0, 0, 294.541, -464.055, -119.962, 4.992, 25000, 5, 0, 1265, 0, 0, 1),
(390278, 13022, 429, 0, 0, 292.609, -457.327, -119.962, 4.10921, 25000, 5, 0, 1265, 0, 0, 1),
(390274, 13285, 429, 0, 0, 242.947, -502.397, -119.12, 0.307885, 25000, 5, 0, 16879, 0, 0, 1),
(390276, 13022, 429, 0, 0, 300.979, -454.019, -119.962, 1.11684, 25000, 5, 0, 1265, 0, 0, 1),
(390272, 13197, 429, 0, 0, 288.826, -502.393, -119.12, 2.28945, 25000, 5, 0, 14320, 4326, 0, 1),
(390185, 13197, 429, 0, 0, 296.02, -456.801, -119.962, 3.86574, 25000, 5, 0, 12929, 4326, 0, 1),
(390164, 13021, 429, 0, 0, 208.079, -351.167, -67.5259, 5.26298, 25000, 5, 0, 16568, 0, 0, 0),
(389647, 13276, 429, 0, 0, -62.7966, -440.975, -58.6138, 4.49501, 25000, 5, 0, 3627, 0, 0, 1),
(389645, 13276, 429, 0, 0, -66.6635, -440.986, -58.6135, 4.64267, 25000, 5, 0, 3627, 0, 0, 1),
(389643, 13276, 429, 0, 0, -71.0118, -433.265, -58.613, 3.66485, 25000, 5, 0, 3627, 0, 0, 1),
(389641, 13276, 429, 0, 0, -71.6415, -437.182, -58.6134, 3.74182, 25000, 5, 0, 3355, 0, 0, 1),
(389637, 11457, 429, 0, 0, -69.3688, -441.467, -58.6139, 4.19656, 25000, 5, 0, 6526, 4326, 0, 1),
(389635, 13276, 429, 0, 0, -1.36553, -462.01, -58.6341, 2.00136, 25000, 5, 0, 3627, 0, 0, 1),
(389633, 13276, 429, 0, 0, -4.7845, -460.671, -58.631, 1.17198, 25000, 5, 0, 3627, 0, 0, 1),
(389631, 13276, 429, 0, 0, -7.31325, -458.566, -58.628, 1.56468, 25000, 5, 0, 3627, 0, 0, 1),
(389629, 13276, 429, 0, 0, -10.5191, -461.274, -58.628, 1.66521, 25000, 5, 0, 3627, 0, 0, 1),
(389627, 13276, 429, 0, 0, -12.182, -463.595, -58.6295, 2.24641, 25000, 5, 0, 3355, 0, 0, 1),
(389621, 13276, 429, 0, 0, 30.5887, -391.494, -58.612, 4.45733, 25000, 5, 0, 3627, 0, 0, 1),
(389619, 13276, 429, 0, 0, 40.1716, -387.477, -58.6115, 6.05955, 25000, 5, 0, 3627, 0, 0, 1),
(389617, 13276, 429, 0, 0, 40.147, -391.121, -58.6101, 5.55689, 25000, 5, 0, 3627, 0, 0, 1),
(389613, 13276, 429, 0, 0, 34.0907, -393.096, -58.6101, 4.74479, 25000, 5, 0, 3627, 0, 0, 1),
(389615, 13276, 429, 0, 0, 37.7834, -392.991, -58.6101, 5.03146, 25000, 5, 0, 3627, 0, 0, 1),
(389096, 13285, 429, 0, 0, 72.5127, -321.004, -54.3582, 1.63071, 25000, 5, 0, 17310, 0, 0, 1),
(389094, 13285, 429, 0, 0, 7.18995, -262.474, -52.6312, 5.02755, 25000, 5, 0, 17310, 0, 0, 1),
(389092, 13022, 429, 0, 0, 10.9093, -307.8, -51.4798, 0.892433, 25000, 5, 0, 1265, 0, 0, 1),
(389090, 13022, 429, 0, 0, 3.35743, -312.665, -51.0319, 4.47385, 25000, 5, 0, 1883, 0, 0, 1),
(389088, 13022, 429, 0, 0, 5.28434, -304.741, -51.8408, 1.38566, 25000, 5, 0, 1265, 0, 0, 1),
(389086, 13022, 429, 0, 0, 4.67872, -307.975, -51.4857, 2.46323, 25000, 5, 0, 1265, 0, 0, 1),
(389084, 13022, 429, 0, 0, 6.78785, -312.438, -50.9044, 4.36389, 25000, 5, 0, 1883, 0, 0, 1),
(389082, 13022, 429, 0, 0, 8.09061, -308.852, -51.2665, 4.36389, 25000, 5, 0, 1265, 0, 0, 1),
(389080, 13022, 429, 0, 0, 9.5846, -304.74, -51.7207, 3.62876, 25000, 5, 0, 1883, 0, 0, 1),
(389076, 13022, 429, 0, 0, 11.0145, -308.593, -51.4057, 4.34112, 25000, 5, 0, 1265, 0, 0, 1),
(389078, 13022, 429, 0, 0, 12.5965, -304.53, -51.8882, 4.34112, 25000, 5, 0, 1883, 0, 0, 1),
(389072, 11461, 429, 0, 0, 120.982, -280.441, -55.8664, 2.87322, 25000, 5, 1, 7867, 3433, 0, 2),
(389070, 11461, 429, 0, 0, 119.466, -278.048, -55.8478, 2.83002, 25000, 5, 1, 7867, 3433, 0, 2),
(389068, 11465, 429, 0, 0, 120.399, -274.544, -55.8519, 3.05779, 25000, 5, 1, 8626, 0, 0, 2),
(389062, 13022, 429, 0, 0, -54.6336, -228.413, -57.3568, 3.48191, 25000, 5, 0, 1883, 0, 0, 1),
(389060, 13022, 429, 0, 0, -51.5322, -227.315, -57.3308, 4.26731, 25000, 5, 0, 1265, 0, 0, 1),
(389058, 13022, 429, 0, 0, -50.152, -224.33, -57.26, 5.91115, 25000, 5, 0, 1265, 0, 0, 1),
(389056, 13022, 429, 0, 0, -57.4293, -222.002, -57.2046, 0.484831, 25000, 5, 0, 1265, 0, 0, 1),
(389054, 13022, 429, 0, 0, -59.8447, -223.274, -57.2347, 2.10589, 25000, 5, 0, 1883, 0, 0, 1),
(388662, 13022, 429, 0, 0, -138.283, -319.902, -4.07486, 4.72919, 25000, 5, 0, 1883, 0, 0, 1),
(388660, 13022, 429, 0, 0, -138.376, -314.374, -4.07497, 4.72919, 25000, 5, 0, 1883, 0, 0, 1),
(388658, 13022, 429, 0, 0, -141.279, -318.409, -4.09737, 2.96205, 25000, 5, 0, 1883, 0, 0, 1),
(388656, 13022, 429, 0, 0, -134.896, -320.071, -4.04865, 3.52282, 25000, 5, 0, 1883, 0, 0, 1),
(388456, 13021, 429, 0, 0, -10.6439, -367.728, -4.10668, 1.54162, 25000, 5, 0, 16050, 0, 0, 0),
(389050, 13022, 429, 0, 0, -53.7921, -226.127, -57.3026, 4.46209, 25000, 5, 0, 1265, 0, 0, 1),
(389052, 13022, 429, 0, 0, -58.167, -226.104, -57.3019, 2.49859, 25000, 5, 0, 1883, 0, 0, 1),
(389048, 13022, 429, 0, 0, -52.7084, -221.889, -57.202, 0.780143, 25000, 5, 0, 1265, 0, 0, 1),
(389044, 13022, 429, 0, 0, -59.4153, -220.989, -57.1804, 5.92607, 25000, 5, 0, 1883, 0, 0, 1),
(389046, 13022, 429, 0, 0, -57.0164, -223.241, -57.234, 5.52945, 25000, 5, 0, 1883, 0, 0, 1),
(389042, 13285, 429, 0, 0, -55.8695, -196.899, -56.3415, 4.46524, 25000, 5, 0, 16879, 0, 0, 1),
(389038, 13285, 429, 0, 0, -137.195, -245.788, -53.6261, 5.89544, 25000, 5, 0, 16879, 0, 0, 1),
(389040, 13285, 429, 0, 0, -92.2481, -196.907, -54.0847, 4.58697, 25000, 5, 0, 16879, 0, 0, 1),
(389036, 13285, 429, 0, 0, -98.6022, -246.088, -56.4976, 5.40064, 25000, 5, 0, 16879, 0, 0, 1),
(389034, 11461, 429, 0, 0, -77.9226, -328.978, -54.7318, 2.73972, 25000, 5, 0, 7867, 3433, 0, 2),
(389032, 11461, 429, 0, 0, -84.9537, -331.662, -56.0736, 1.98966, 25000, 5, 0, 7867, 3433, 0, 2),
(389030, 11465, 429, 0, 0, -81.5242, -331.171, -55.4601, 1.95039, 25000, 5, 0, 8626, 0, 0, 2),
(389028, 13022, 429, 0, 0, -52.7189, -355.744, -54.6067, 1.92683, 25000, 5, 0, 1883, 0, 0, 1),
(389026, 13022, 429, 0, 0, -55.496, -360.099, -55.2172, 0.0607254, 25000, 5, 0, 1265, 0, 0, 1),
(389024, 13022, 429, 0, 0, -58.221, -360.265, -55.4555, 5.36059, 25000, 5, 0, 1883, 0, 0, 1),
(389022, 13022, 429, 0, 0, -60.0914, -357.796, -55.3922, 5.36059, 25000, 5, 0, 1265, 0, 0, 1),
(389020, 13022, 429, 0, 0, -62.0777, -355.173, -55.3251, 4.8705, 25000, 5, 0, 1883, 0, 0, 1),
(389018, 13022, 429, 0, 0, -62.5076, -352.477, -55.1237, 3.54475, 25000, 5, 0, 1265, 0, 0, 1),
(389016, 13022, 429, 0, 0, -59.4814, -351.186, -54.8364, 2.41378, 25000, 5, 0, 1265, 0, 0, 1),
(56802, 11487, 429, 14384, 0, 13.4018, 578.911, -3.56219, 4.71533, 1000000, 0, 0, 20743, 9736, 0, 0),
(56803, 14506, 429, 14556, 0, -2.88, 705.3, -24.4, 4.48, 1000000, 0, 0, 31458, 5136, 0, 0),
(56804, 14338, 429, 14381, 0, 591.98, 598.8, -4.57, 3.94, 644, 0, 0, 3517, 0, 0, 0),
(56805, 14327, 429, 0, 0, 4.58, -456.84, 16.58, 3.17, 1000000, 0, 0, 17801, 8964, 0, 0),
(56934, 11490, 429, 11335, 0, -33.61, -448.26, -37.78, 6.28, 1000000, 0, 0, 23395, 0, 0, 0),
(56867, 14349, 429, 14380, 0, 4.5, -455, 16.5, 3.26, 1000000, 0, 0, 9298, 6489, 0, 0),
(56936, 13276, 429, 911, 0, 2.93, -446.83, -37.78, 4.1, 695, 0, 0, 3355, 0, 0, 0),
(56935, 13276, 429, 911, 0, 3.35, -441.01, -37.78, 4.03, 695, 0, 0, 3355, 0, 0, 0),
(56938, 13276, 429, 911, 0, -8.6, -436.7, -37.78, 4.51, 695, 0, 0, 3355, 0, 0, 0),
(56937, 13276, 429, 911, 0, -3.38, -442.02, -37.78, 4.14, 695, 0, 0, 3355, 0, 0, 0),
(56939, 13276, 429, 911, 0, -5.88, -431.03, -37.78, 4.78, 695, 0, 0, 3355, 0, 0, 0),
(56940, 13276, 429, 911, 0, -12.67, -433.07, -37.78, 4.91, 695, 0, 0, 3355, 0, 0, 0),
(56941, 11457, 429, 11340, 0, -1.57, -434.67, -37.78, 4.52, 3300, 0, 0, 6526, 4326, 0, 0),
(56942, 11492, 429, 14416, 0, 265.93, -470.01, -119.78, 4.65, 1000000, 0, 0, 32196, 11445, 0, 0),
(56944, 14325, 429, 11564, 0, 613.05, 481.95, 29.64, 3.06, 1000000, 0, 0, 27986, 0, 0, 0),
(56945, 14324, 429, 11537, 0, 827.64, 486.68, 37.5, 3.14, 1000000, 0, 0, 14033, 9736, 0, 0),
(56948, 14368, 429, 14407, 0, 163.58, 523.14, -48.29, 3.12, 3300, 0, 0, 9298, 2434, 0, 0),
(56947, 14383, 429, 14420, 0, 128.84, 444.25, -48.28, 1.55, 3300, 0, 0, 8774, 2289, 0, 0),
(56946, 11501, 429, 11583, 0, 814.5, 479.44, 37.5, 2.76, 1000000, 0, 0, 29154, 0, 0, 0),
(56950, 14382, 429, 14421, 0, 190.97, 459.52, -48.28, 3.08, 3300, 0, 0, 9298, 2434, 0, 0),
(56949, 14381, 429, 14422, 0, 194.97, 530.78, -48.29, 3.12, 3300, 0, 0, 9298, 2434, 0, 0),
(56962, 13197, 429, 13110, 0, 41.79, -762.12, -24.91, 4.9, 3300, 0, 0, 12929, 4326, 0, 0),
(56963, 13197, 429, 13110, 0, 62.3, -752.35, -24.94, 4.2, 3300, 0, 0, 12929, 4326, 0, 0),
(56952, 11466, 429, 11207, 0, 88.41, 731.69, -24.4, 1.24, 3300, 0, 0, 521, 6351, 0, 0),
(56951, 11486, 429, 11256, 0, 131.39, 623.78, -27.72, 4.77, 1000000, 0, 0, 31279, 0, 0, 0),
(56954, 11473, 429, 14366, 0, 91.71, 725.12, -24.4, 1.28, 3300, 0, 0, 6894, 0, 0, 0),
(56953, 14482, 429, 14380, 0, 86.72, 726.76, -24.4, 1.24, 730, 0, 0, 2953, 0, 0, 0),
(56955, 11475, 429, 14368, 0, 93.38, 729.72, -24.4, 1.23, 3300, 0, 0, 8682, 0, 0, 0),
(56956, 14504, 429, 14553, 0, 95.41, 735.32, -24.4, 1.22, 730, 0, 0, 3857, 0, 0, 0),
(56959, 11489, 429, 14383, 0, -3.87, 483.3, -23.12, 5.86, 1000000, 0, 0, 32955, 0, 0, 0),
(56957, 14396, 429, 14430, 0, 100.47, 728.46, -24.4, 1.37, 3300, 0, 0, 624, 0, 0, 0),
(56960, 14358, 429, 14393, 0, 13.94, 389.5, 25.24, 1.63, 3300, 0, 0, 9298, 0, 0, 0),
(56964, 11454, 429, 10032, 0, 52.08, -710.19, -24.98, 1.95, 3300, 0, 0, 7795, 0, 0, 0),
(56961, 11467, 429, 11250, 0, 130.3, 562.59, -4.22, 3.26, 1000000, 0, 0, 18656, 0, 0, 0),
(56966, 11451, 429, 11345, 0, 50.7511, -714.66, -25.161, 2.2461, 3300, 0, 0, 7451, 0, 0, 0),
(56965, 11451, 429, 11345, 0, 54.8477, -708.429, -25.161, 2.13614, 3300, 0, 0, 7451, 0, 0, 0),
(56967, 11456, 429, 2014, 0, 62.53, -681.04, -24.98, 3.8, 3300, 0, 0, 7906, 0, 0, 0),
(56990, 11454, 429, 10032, 0, 22.28, -677.48, -24.98, 2.52, 3300, 0, 0, 7795, 0, 0, 0),
(56989, 11451, 429, 11345, 0, 27.89, -671.86, -24.98, 5.16, 3300, 0, 0, 7451, 0, 0, 0),
(56991, 11451, 429, 11345, 0, 15.2, -679.99, -24.98, 1.82, 3300, 0, 0, 7451, 0, 0, 0),
(56992, 11455, 429, 7649, 0, 26.45, -682.69, -24.98, 5.45, 3300, 0, 0, 5339, 7519, 0, 0),
(56993, 11456, 429, 2014, 0, 13.81, -672.66, -12.46, 6.12, 3300, 0, 0, 7906, 0, 0, 0),
(56995, 13276, 429, 911, 0, 15.47, -678.9, -12.46, 1.2, 695, 0, 0, 3355, 0, 0, 0),
(56996, 11457, 429, 11340, 0, 18.13, -680.09, -12.46, 2.87, 3300, 0, 0, 6526, 4326, 0, 0),
(56997, 13196, 429, 13109, 0, 59.93, -617.53, -24.91, 4.12, 3300, 0, 0, 15160, 0, 0, 0),
(56998, 11456, 429, 2014, 0, 35.38, -612.73, -24.94, 1.14, 3300, 0, 0, 7906, 0, 0, 0),
(56999, 13197, 429, 13110, 0, 47.85, -625.94, -24.92, 1.37, 3300, 0, 0, 12929, 4326, 0, 0),
(57000, 11456, 429, 2014, 0, 62.18, -444.61, -4.02, 6.08, 3300, 0, 0, 7906, 0, 0, 0),
(57001, 11455, 429, 7649, 0, 51.7, -464.5, -4.05, 5.73, 3300, 0, 0, 5339, 7519, 0, 0),
(57002, 13196, 429, 13109, 0, 25.71, -460.23, -4.06, 0.4, 3300, 0, 0, 15160, 0, 0, 0),
(57004, 11451, 429, 11345, 0, 64.73, -396.14, -4.04, 2.57, 3300, 0, 0, 7451, 0, 0, 0),
(57003, 11455, 429, 7649, 0, 26.93, -433.18, -4.04, 4.31, 3300, 0, 0, 5339, 7519, 0, 0),
(57005, 11454, 429, 10032, 0, 59.77, -399.49, -4.04, 1.68, 3300, 0, 0, 7795, 0, 0, 0),
(57006, 11455, 429, 7649, 0, 50.95, -400.93, -4.04, 4.32, 3300, 0, 0, 5339, 7519, 0, 0),
(57008, 13197, 429, 13110, 0, 16.29, -403.17, -4.04, 5.42, 3300, 0, 0, 12929, 4326, 0, 0),
(57007, 11451, 429, 11345, 0, 44.62, -395.41, -4.04, 4.78, 3300, 0, 0, 7451, 0, 0, 0),
(57011, 13276, 429, 911, 0, -27.2, -400.32, -4.04, 5.6, 695, 0, 0, 3355, 0, 0, 0),
(57010, 11451, 429, 11345, 0, -33.29, -397.61, -4.04, 5.61, 3300, 0, 0, 7451, 0, 0, 0),
(57009, 13196, 429, 13109, 0, -53.62, -402.89, -4.04, 6.15, 3300, 0, 0, 15160, 0, 0, 0),
(57021, 11457, 429, 11340, 0, -20.19, -400.04, -4.04, 1.44, 3300, 0, 0, 6526, 4326, 0, 0),
(57025, 11456, 429, 2014, 0, -40.28, -423.07, -4.04, 4.68, 3300, 0, 0, 7906, 0, 0, 0),
(57215, 11454, 429, 10032, 0, -79.96, -399.07, -4.04, 2.34, 3300, 0, 0, 7795, 0, 0, 0),
(57214, 11451, 429, 11345, 0, -77.7, -394.98, -4.04, 2.63, 3300, 0, 0, 7451, 0, 0, 0),
(57218, 13196, 429, 13109, 0, -107.454, -411.552, -4.21434, 5.93622, 3300, 0, 0, 15160, 0, 0, 0),
(57217, 11451, 429, 11345, 0, -90.14, -404.02, -4.04, 6.11, 3300, 0, 0, 7451, 0, 0, 0),
(57216, 11455, 429, 7649, 0, -83.36, -400.09, -4.04, 1.74, 3300, 0, 0, 5339, 7519, 0, 0),
(57219, 11451, 429, 11345, 0, -35.18, -462.54, 16.57, 1.66, 3300, 0, 0, 7451, 0, 0, 0),
(57806, 11455, 429, 7649, 0, -35.09, -450.79, 16.58, 3.44, 3300, 0, 0, 5339, 7519, 0, 0),
(57807, 11454, 429, 10032, 0, -23.34, -443.64, 16.59, 3.52, 3300, 0, 0, 7795, 0, 0, 0),
(57808, 11456, 429, 2014, 0, -17.6, -462.31, 16.58, 2.8, 3300, 0, 0, 7906, 0, 0, 0),
(57809, 11453, 429, 2020, 0, -24.98, -463.13, -4.05, 5.41, 3300, 0, 0, 6619, 3244, 0, 0),
(59386, 11453, 429, 2020, 0, -20.62, -461.69, -4.05, 4.93, 3300, 0, 0, 6619, 3244, 0, 0),
(81544, 11452, 429, 2021, 0, -10.06, -461.87, -4.06, 1.37, 3300, 0, 0, 8283, 0, 0, 0),
(81593, 11452, 429, 2021, 0, -93.42, -464.54, -58.43, 5.81, 3300, 0, 0, 8283, 0, 0, 0),
(81599, 11452, 429, 2021, 0, -80.41, -463.99, -58.43, 3.61, 3300, 0, 0, 8283, 0, 0, 0),
(81626, 11453, 429, 2020, 0, -86.16, -461.22, -58.43, 4.69, 3300, 0, 0, 6619, 3244, 0, 0),
(81627, 13197, 429, 13110, 0, -40.3631, -458.699, -58.6155, 2.15296, 3300, 0, 0, 12929, 4326, 0, 0),
(389639, 13276, 429, 0, 0, -70.5225, -439.798, -58.6139, 3.49363, 25000, 5, 0, 3627, 0, 0, 1),
(81631, 11457, 429, 11340, 0, -39.39, -393.26, -58.43, 5.31, 3300, 0, 0, 6526, 4326, 0, 0),
(81630, 11452, 429, 2021, 0, -31.53, -389.81, -58.43, 5.64, 3300, 0, 0, 8283, 0, 0, 0),
(81629, 11453, 429, 2020, 0, -22.71, -389.42, -58.43, 4.94, 3300, 0, 0, 6619, 3244, 0, 0),
(81633, 13197, 429, 13110, 0, 54.1916, -402.336, -58.6063, 3.35699, 3300, 0, 0, 12929, 4326, 0, 0),
(81632, 13276, 429, 911, 0, -45.43, -393.25, -58.43, 5.61, 695, 0, 0, 3355, 0, 0, 0),
(81661, 11452, 429, 2021, 0, -82.9738, -389.841, -58.5885, 2.08228, 3300, 0, 0, 8283, 0, 0, 0),
(81638, 11453, 429, 2020, 0, -91.9312, -389.948, -58.5875, 0.872771, 3300, 0, 0, 6619, 3244, 0, 0),
(81637, 11453, 429, 2020, 0, -94.3084, -385.316, -58.6207, 0.448657, 3300, 0, 0, 6619, 3244, 0, 0),
(389623, 11452, 429, 0, 0, 68.9822, -423.738, -58.6003, 5.86711, 25000, 5, 0, 8405, 0, 0, 0),
(82950, 11452, 429, 2021, 0, -87.1, -391.03, -58.4, 1.59, 3300, 0, 0, 8283, 0, 0, 0),
(84031, 11456, 429, 2014, 0, 72.67, -432.88, -58.42, 1.01, 3300, 0, 0, 7906, 0, 0, 0),
(389625, 11457, 429, 0, 0, -6.4999, -462.414, -58.6317, 1.61024, 25000, 5, 0, 6526, 4326, 0, 1),
(84032, 11455, 429, 7649, 0, 70.08, -430.55, -58.42, 0.62, 3300, 0, 0, 5339, 7519, 0, 0),
(84033, 11454, 429, 10032, 0, 68.8, -428.05, -58.42, 0.21, 3300, 0, 0, 7795, 0, 0, 0),
(84034, 11456, 429, 2014, 0, 86.45, -450.51, -56.93, 3.08, 3300, 0, 0, 7906, 0, 0, 2),
(84035, 13197, 429, 13110, 0, 50.56, -454.02, -58.43, 2.58, 3300, 0, 0, 12929, 4326, 0, 0),
(84036, 11456, 429, 2014, 0, -146.43, -403.72, -57.4, 0.94, 3300, 0, 0, 7906, 0, 0, 2),
(84037, 13285, 429, 13172, 0, -135.331, -338.991, -56.9012, 0.12676, 3300, 0, 0, 16879, 0, 0, 0),
(389064, 11465, 429, 0, 0, -28.5578, -315.5, -52.0808, 6.20016, 25000, 5, 0, 8626, 0, 0, 2),
(84039, 11461, 429, 13173, 0, -20.31, -321.99, -50.56, 2.52, 3300, 0, 0, 6425, 3361, 0, 2),
(84040, 11461, 429, 13173, 0, -26.3, -308.21, -52.77, 4.02, 3300, 0, 0, 6425, 3361, 0, 2),
(389066, 11465, 429, 0, 0, 25.2223, -308.666, -52.0896, 5.54986, 25000, 5, 0, 8021, 0, 0, 2),
(84042, 11461, 429, 13173, 0, 33.12, -303.85, -52.26, 4.04, 3300, 0, 0, 6425, 3361, 0, 2),
(84043, 11461, 429, 13173, 0, 33.86, -320.19, -51.74, 2.48, 3300, 0, 0, 6425, 3361, 0, 2),
(84044, 13285, 429, 13172, 0, 48.26, -361.96, -54.6, 2.93, 3300, 0, 0, 16879, 0, 0, 0),
(84045, 13285, 429, 13172, 0, 115.9, -362.42, -55.56, 2.6, 3300, 0, 0, 16879, 0, 0, 0),
(84046, 13022, 429, 12962, 0, 101.28, -363.79, -55.72, 1.96, 678, 0, 0, 1265, 0, 0, 0),
(84047, 13022, 429, 12962, 0, 115.8, -347.64, -54.39, 3.03, 678, 0, 0, 1265, 0, 0, 0),
(84048, 13022, 429, 12962, 0, 98.91, -331.45, -54.97, 2.45, 678, 0, 0, 1265, 0, 0, 0),
(84049, 13022, 429, 12962, 0, 114.66, -326.19, -55.01, 3.61, 678, 0, 0, 1265, 0, 0, 0),
(84050, 13022, 429, 12962, 0, 75.56, -231.73, -56.58, 4.33, 678, 0, 0, 1265, 0, 0, 0),
(84051, 13022, 429, 12962, 0, 72.65, -238.56, -55.97, 4.26, 678, 0, 0, 1265, 0, 0, 0),
(84052, 13022, 429, 12962, 0, 70.74, -245.49, -55.39, 4.14, 678, 0, 0, 1265, 0, 0, 0),
(84053, 13022, 429, 12962, 0, 70.01, -253.92, -54.74, 3.78, 678, 0, 0, 1265, 0, 0, 0),
(84054, 13022, 429, 12962, 0, 63.83, -252.9, -54.6, 3.95, 678, 0, 0, 1265, 0, 0, 0),
(84055, 13022, 429, 12962, 0, 55.94, -252.34, -53.17, 3.2, 678, 0, 0, 1265, 0, 0, 0),
(84056, 13022, 429, 12962, 0, 59.09, -243.84, -54.32, 0.63, 678, 0, 0, 1265, 0, 0, 0),
(84057, 13022, 429, 12962, 0, 55.66, -235.3, -54.26, 5.62, 678, 0, 0, 1265, 0, 0, 0),
(389074, 13022, 429, 0, 0, 9.84064, -311.608, -51.0476, 4.34112, 25000, 5, 0, 1265, 0, 0, 1),
(84060, 13022, 429, 12962, 0, 70.98, -193.46, -54.87, 4.67, 678, 0, 0, 1265, 0, 0, 0),
(84061, 13022, 429, 12962, 0, 70.54, -200.78, -56.21, 4.65, 678, 0, 0, 1265, 0, 0, 0),
(84059, 13022, 429, 12962, 0, 47.11, -246.79, -52.78, 6.19, 678, 0, 0, 1265, 0, 0, 0),
(84062, 13197, 429, 13110, 0, 76.83, -205.25, -56.75, 4.13, 3300, 0, 0, 12929, 4326, 0, 0),
(84063, 13197, 429, 13110, 0, 86.63, -203.73, -56.49, 4.04, 3300, 0, 0, 12929, 4326, 0, 0),
(84064, 13285, 429, 13172, 0, 81.99, -194.55, -54.92, 4.05, 3300, 0, 0, 16879, 0, 0, 0),
(84066, 13197, 429, 13110, 0, -6.78, -200.14, -52.52, 4.06, 3300, 0, 0, 12929, 4326, 0, 0),
(84065, 13285, 429, 13172, 0, -17.51, -204.65, -53.7, 4.2, 3300, 0, 0, 16879, 0, 0, 0),
(84068, 13022, 429, 12962, 0, -107.63, -194.75, -52.21, 5.3, 678, 0, 0, 1265, 0, 0, 0),
(84067, 13196, 429, 13109, 0, -3.67, -210.7, -52.92, 2.8, 3300, 0, 0, 15160, 0, 0, 0),
(84069, 13022, 429, 12962, 0, -115.49, -192.7, -51.35, 5.33, 678, 0, 0, 1265, 0, 0, 0),
(84070, 13022, 429, 12962, 0, -110.64, -199.78, -54.14, 1.3, 678, 0, 0, 1265, 0, 0, 0),
(84073, 11460, 429, 911, 0, 256.29, -462.09, -119.78, 5.07, 695, 0, 0, 672, 0, 0, 0),
(84072, 13022, 429, 12962, 0, -116.95, -203.42, -55.51, 5.93, 678, 0, 0, 1265, 0, 0, 0),
(84071, 13022, 429, 12962, 0, -101.2, -196.81, -53.07, 2.98, 678, 0, 0, 1265, 0, 0, 0),
(84074, 11460, 429, 911, 0, 267.93, -458.86, -119.78, 4.47, 695, 0, 0, 672, 0, 0, 0),
(84076, 13022, 429, 12962, 0, 268.71, -557.54, -111.8, 2.31, 678, 0, 0, 1265, 0, 0, 0),
(84075, 13022, 429, 12962, 0, 283.9, -557.6, -111.8, 2.93, 678, 0, 0, 1265, 0, 0, 0),
(84077, 13022, 429, 12962, 0, 185.6, -505.27, -106.07, 1.93, 678, 0, 0, 1265, 0, 0, 0),
(84134, 13197, 429, 13110, 0, 168.49, -486.84, -101.42, 0.97, 3300, 0, 0, 12929, 4326, 0, 0),
(84083, 13022, 429, 12962, 0, 172.25, -497.8, -104.59, 1.69, 678, 0, 0, 1265, 0, 0, 0),
(390162, 13021, 429, 0, 0, 326.779, -367.815, -69.8462, 4.0841, 25000, 5, 0, 16050, 0, 0, 0),
(390160, 13021, 429, 0, 0, 266.463, -384.873, -67.5259, 4.68886, 25000, 5, 0, 16568, 0, 0, 2),
(84140, 13285, 429, 13172, 0, 314.57, -569.67, -111.8, 1.96, 3300, 0, 0, 16879, 0, 0, 0),
(84142, 13036, 429, 12966, 0, 348.75, -69.83, -25.79, 0.51, 721, 0, 0, 3665, 0, 0, 0),
(84141, 13036, 429, 12966, 0, 333.98, -62.63, -25.16, 5.82, 721, 0, 0, 3665, 0, 0, 0),
(84143, 13036, 429, 12966, 0, 340.09, -71.9, -25.56, 1.28, 721, 0, 0, 3665, 0, 0, 0),
(84145, 13036, 429, 12966, 0, 420.38, 22.55, -24.86, 2.52, 721, 0, 0, 3665, 0, 0, 0),
(84144, 13036, 429, 12966, 0, 416.32, 16.09, -24.94, 3.09, 721, 0, 0, 3665, 0, 0, 0),
(84147, 13036, 429, 12966, 0, 429.01, 32.17, -24.25, 3.52, 721, 0, 0, 3665, 0, 0, 0),
(84146, 13036, 429, 12966, 0, 410.57, 24.82, -25.16, 2.22, 721, 0, 0, 3665, 0, 0, 0),
(84149, 13160, 429, 13096, 0, 476.26, -115.41, -3.71, 2.35, 712, 0, 0, 663, 0, 0, 0),
(84148, 13160, 429, 13096, 0, 477.1, -103.65, -3.71, 2.68, 712, 0, 0, 663, 0, 0, 0),
(84150, 13160, 429, 13096, 0, 460.46, -105.7, -3.71, 0.6, 712, 0, 0, 663, 0, 0, 0),
(84151, 13160, 429, 13096, 0, 468.16, -90.09, -3.71, 1.1, 712, 0, 0, 663, 0, 0, 0),
(84152, 13160, 429, 13096, 0, 483.98, -79.44, -2.41, 1.72, 712, 0, 0, 663, 0, 0, 0),
(84153, 13160, 429, 13096, 0, 468.05, -72.2, -3.71, 2.94, 712, 0, 0, 663, 0, 0, 0),
(84154, 13160, 429, 13096, 0, 472.84, -55.4, -3.71, 2.52, 712, 0, 0, 663, 0, 0, 0),
(84156, 13160, 429, 13096, 0, 422.63, -105.84, -3.71, 3.08, 712, 0, 0, 663, 0, 0, 0),
(84155, 13160, 429, 13096, 0, 443.3, -103.71, -3.71, 3.53, 712, 0, 0, 663, 0, 0, 0),
(84157, 11441, 429, 12473, 0, 461.88, 52.68, -3.71, 5.02, 3300, 0, 0, 13719, 0, 0, 0),
(84158, 11441, 429, 12473, 0, 463.98, 44.32, -3.71, 1.53, 3300, 0, 0, 13719, 0, 0, 0),
(84159, 11442, 429, 12473, 0, 475.1, 49.11, -3.71, 2.77, 3300, 0, 0, 7211, 0, 0, 0),
(84160, 11442, 429, 12473, 0, 385.94, 123.71, -3.71, 3.74, 3300, 0, 0, 7211, 0, 0, 0),
(84161, 11442, 429, 12473, 0, 372.83, 123.16, -3.71, 5.66, 3300, 0, 0, 7211, 0, 0, 0),
(84162, 11448, 429, 14423, 0, 296.63, 106.19, -3.71, 5.58, 3300, 0, 0, 10189, 16794, 0, 0),
(84163, 11446, 429, 13093, 0, 298.98, 95.75, -3.72, 0.38, 3300, 0, 0, 9298, 0, 0, 0),
(84165, 13036, 429, 12966, 0, 299.65, 29.34, -3.75, 4.69, 721, 0, 0, 3665, 0, 0, 0),
(84164, 11446, 429, 13093, 0, 306.82, 108.14, -3.71, 5.19, 3300, 0, 0, 9298, 0, 0, 0),
(84166, 11444, 429, 11537, 0, 356.2, 29.6, -24.69, 6.01, 3300, 0, 0, 9808, 10680, 0, 0),
(84167, 11446, 429, 13093, 0, 346.8, 30.91, -24.37, 5.77, 3300, 0, 0, 9298, 0, 0, 0),
(84169, 14351, 429, 10709, 0, 368, 19.39, -25.57, 1.86, 3300, 0, 0, 14320, 0, 0, 0),
(84168, 14351, 429, 10709, 0, 367.74, 36.39, -24.66, 4.54, 3300, 0, 0, 14320, 0, 0, 0),
(84170, 14326, 429, 11561, 0, 399.83, -11.59, -24.76, 3.14, 1000000, 0, 0, 23535, 0, 0, 0),
(84172, 11441, 429, 12473, 0, 338.93, 230.63, 11.38, 5.04, 3300, 0, 0, 13719, 0, 0, 0),
(84171, 11445, 429, 11564, 0, 335.78, 223.27, 11.38, 0.47, 3300, 0, 0, 14125, 4738, 0, 0),
(84173, 11441, 429, 12473, 0, 348.63, 229, 11.38, 5.97, 3300, 0, 0, 13719, 0, 0, 0),
(84174, 11441, 429, 12473, 0, 380.63, 462.02, -7.05, 4.03, 3300, 0, 0, 13719, 0, 0, 0),
(84175, 11441, 429, 12473, 0, 385.11, 457.59, -7.05, 3.66, 3300, 0, 0, 13719, 0, 0, 0),
(84176, 14351, 429, 10709, 0, 382.35, 441.68, -6.82, 2.19, 3300, 0, 0, 14320, 0, 0, 0),
(84177, 14385, 429, 1912, 0, 417.33, 534.39, -18.16, 5.9, 730, 0, 0, 3556, 1824, 0, 0),
(84178, 11450, 429, 10709, 0, 421.78, 544.52, -18.16, 4.03, 3300, 0, 0, 14283, 0, 0, 0),
(84180, 11448, 429, 14423, 0, 568.16, 529.87, -25.22, 1.03, 3300, 0, 0, 10189, 16794, 0, 0),
(84179, 11448, 429, 14423, 0, 431.43, 540.7, -18.16, 3.81, 3300, 0, 0, 10189, 16794, 0, 0),
(84181, 11446, 429, 13093, 0, 559.68, 528.11, -25.22, 2.17, 3300, 0, 0, 9298, 0, 0, 0),
(84183, 11445, 429, 11564, 0, 583.27, 593.09, -25.22, 0.89, 3300, 0, 0, 14125, 4738, 0, 0),
(84182, 11441, 429, 12473, 0, 579.68, 598.88, -25.22, 0.18, 3300, 0, 0, 13719, 0, 0, 0),
(84184, 11444, 429, 11537, 0, 589.63, 591.54, -25.22, 1.71, 3300, 0, 0, 9808, 10680, 0, 0),
(84185, 11450, 429, 10709, 0, 483.9, 605.67, -25.23, 3.17, 3300, 0, 0, 14283, 0, 0, 0),
(84186, 14351, 429, 10709, 0, 475.28, 596.9, -25.22, 1.59, 3300, 0, 0, 14320, 0, 0, 0),
(84188, 11446, 429, 13093, 0, 508.05, 560.55, 28.09, 1.17, 3300, 0, 0, 9298, 0, 0, 0),
(84187, 11444, 429, 11537, 0, 503.43, 564.79, 28.09, 0.28, 3300, 0, 0, 9808, 10680, 0, 0),
(84189, 11448, 429, 14423, 0, 514.62, 560.32, 28.09, 2.11, 3300, 0, 0, 10189, 16794, 0, 0),
(84190, 11442, 429, 12473, 0, 481.88, 532, 28.09, 0.38, 3300, 0, 0, 7211, 0, 0, 0),
(84192, 14351, 429, 10709, 0, 551.13, 484.72, 29.64, 1.11, 3300, 0, 0, 14320, 0, 0, 0),
(84191, 11441, 429, 12473, 0, 475.98, 536.63, 28.09, 6.21, 3300, 0, 0, 13719, 0, 0, 0),
(84193, 11450, 429, 10709, 0, 556.35, 483.36, 29.64, 1.66, 3300, 0, 0, 14283, 0, 0, 0),
(84195, 11450, 429, 10709, 0, 612.94, 489.49, 29.64, 3.43, 3300, 0, 0, 14283, 0, 0, 0),
(84194, 11450, 429, 10709, 0, 612.82, 474.53, 29.64, 2.96, 3300, 0, 0, 14283, 0, 0, 0),
(84196, 11445, 429, 11564, 0, 671.42, 462.93, 29.64, 3.62, 3300, 0, 0, 14125, 4738, 0, 0),
(84198, 11442, 429, 12473, 0, 675.68, 475.47, 29.64, 3.32, 3300, 0, 0, 7211, 0, 0, 0),
(84197, 11442, 429, 12473, 0, 666.4, 466.57, 29.64, 4.48, 3300, 0, 0, 7211, 0, 0, 0),
(84199, 11448, 429, 14423, 0, 682.9, 505.26, 29.64, 1.81, 3300, 0, 0, 10189, 16794, 0, 0),
(84200, 11446, 429, 13093, 0, 689.59, 510.27, 29.32, 2.78, 3300, 0, 0, 9298, 0, 0, 0),
(84203, 11466, 429, 11207, 0, 188.94, 617.94, -48.29, 3.69, 3300, 0, 0, 521, 6351, 0, 0),
(84202, 14371, 429, 14412, 0, 114.74, 446.98, -48.29, 0.48, 3300, 0, 0, 7292, 1923, 0, 0),
(84201, 16032, 429, 15996, 0, 117.23, 458.11, -48.28, 6.17, 730, 0, 0, 710, 0, 0, 0),
(84204, 11466, 429, 11207, 0, 186.23, 614.51, -48.29, 0.89, 3300, 0, 0, 521, 6351, 0, 0),
(84206, 11466, 429, 11207, 0, 112.75, 624.09, -48.29, 3.16, 3300, 0, 0, 521, 6351, 0, 0),
(84205, 11466, 429, 11207, 0, 164.15, 627.09, -48.28, 3.3, 3300, 0, 0, 521, 6351, 0, 0),
(84207, 11466, 429, 11207, 0, 125.71, 606.36, -48.29, 5.75, 3300, 0, 0, 521, 6351, 0, 0),
(84209, 11466, 429, 11207, 0, 112.29, 531.67, -48.29, 3.11, 3300, 0, 0, 521, 6351, 0, 0),
(84208, 11466, 429, 11207, 0, 144.12, 608.08, -48.29, 3.87, 3300, 0, 0, 521, 6351, 0, 0),
(84211, 11483, 429, 14272, 0, 73.27, 878.45, -24.4, 4.04, 3300, 0, 0, 6780, 8964, 0, 0),
(84210, 11483, 429, 14272, 0, 74.71, 874.09, -24.4, 2.84, 3300, 0, 0, 6780, 8964, 0, 0),
(84213, 11483, 429, 14272, 0, 69.3, 871.32, -24.4, 1, 3300, 0, 0, 6780, 8964, 0, 0),
(84212, 11483, 429, 14272, 0, 67.97, 876.84, -24.4, 5.76, 3300, 0, 0, 6780, 8964, 0, 0),
(84214, 14397, 429, 14273, 0, -133.23, 714.71, -24.4, 5.67, 730, 0, 0, 900, 4738, 0, 0),
(84215, 14397, 429, 14273, 0, -132.49, 710.01, -24.4, 0.82, 730, 0, 0, 900, 4738, 0, 0),
(84216, 14397, 429, 14273, 0, -128.5, 709.42, -24.4, 1.93, 730, 0, 0, 900, 4738, 0, 0),
(84218, 14397, 429, 14273, 0, -129.23, 716.46, -24.4, 4.42, 730, 0, 0, 900, 4738, 0, 0),
(84217, 14397, 429, 14273, 0, -126.65, 712.99, -24.4, 3.16, 730, 0, 0, 900, 4738, 0, 0),
(84219, 11483, 429, 14272, 0, 113.13, 439.16, 28.78, 4.09, 3300, 0, 0, 6780, 8964, 0, 0),
(84220, 11483, 429, 14272, 0, 108.19, 437.57, 28.78, 5.94, 3300, 0, 0, 6780, 8964, 0, 0),
(84222, 11483, 429, 14272, 0, 115.34, 435.25, 28.78, 2.86, 3300, 0, 0, 6780, 8964, 0, 0),
(84221, 11483, 429, 14272, 0, 110.65, 432.69, 28.78, 1.34, 3300, 0, 0, 6780, 8964, 0, 0),
(84224, 14397, 429, 14273, 0, -78.95, 439.6, 28.78, 2.46, 730, 0, 0, 900, 4738, 0, 0),
(84223, 14397, 429, 14273, 0, -82.6, 438.45, 28.78, 1.3, 730, 0, 0, 900, 4738, 0, 0),
(84225, 14397, 429, 14273, 0, -78.51, 443.93, 28.78, 3.71, 730, 0, 0, 900, 4738, 0, 0),
(84227, 14397, 429, 14273, 0, -82.6, 445.34, 28.78, 4.89, 730, 0, 0, 900, 4738, 0, 0),
(84230, 14397, 429, 14273, 0, 6.67, 283.15, -8.47, 4.31, 730, 0, 0, 900, 4738, 0, 0),
(84229, 14397, 429, 14273, 0, -85.97, 442.12, 28.78, 6.2, 730, 0, 0, 900, 4738, 0, 0),
(84231, 14397, 429, 14273, 0, 1.41, 277.89, -8.28, 0.43, 730, 0, 0, 900, 4738, 0, 0),
(84235, 11483, 429, 14272, 0, 4.17, 276.44, -8.27, 1.27, 3300, 0, 0, 6780, 8964, 0, 0),
(84234, 14397, 429, 14273, 0, 7.09, 275.86, -8.24, 2.06, 730, 0, 0, 900, 4738, 0, 0),
(84239, 11483, 429, 14272, 0, 3.55, 282.98, -8.35, 5.27, 3300, 0, 0, 6780, 8964, 0, 0),
(84241, 14483, 429, 14152, 0, 2.86, 696.61, -24.4, 4.48, 3300, 0, 0, 14822, 0, 0, 0),
(84240, 11483, 429, 14272, 0, 9.36, 281.91, -8.45, 3.97, 3300, 0, 0, 6780, 8964, 0, 0),
(84242, 14483, 429, 14152, 0, -11.04, 701.4, -24.4, 4.45, 3300, 0, 0, 14822, 0, 0, 0),
(84243, 11459, 429, 13489, 0, 56.38, 293.95, -7.53, 4.06, 3300, 0, 0, 16446, 0, 0, 0),
(84244, 11459, 429, 13489, 0, -35.17, 283.98, -7.52, 6.04, 3300, 0, 0, 16446, 0, 0, 0),
(84246, 11458, 429, 2078, 0, -90.34, 220.82, -4.81, 6, 3300, 0, 0, 8417, 0, 0, 0),
(84245, 11458, 429, 2078, 0, -92.98, 208.15, -4.81, 1.41, 3300, 0, 0, 8417, 0, 0, 0),
(84247, 11458, 429, 2078, 0, -81.74, 220.28, -4.81, 4.89, 3300, 0, 0, 8417, 0, 0, 0),
(84249, 14303, 429, 5848, 0, -12.65, 188.14, -3.3, 2.65, 3300, 0, 0, 7390, 0, 0, 0),
(84248, 14303, 429, 5848, 0, -3.94, 188.81, -3.3, 2.48, 3300, 0, 0, 7390, 0, 0, 0),
(84251, 14303, 429, 5848, 0, 115.11, 209.27, -4.81, 1.91, 3300, 0, 0, 7390, 0, 0, 0),
(84250, 14303, 429, 5848, 0, -21.57, 191.87, -3.3, 1.45, 3300, 0, 0, 7390, 0, 0, 0),
(84252, 11458, 429, 2078, 0, 118.31, 217.14, -4.81, 2.18, 3300, 0, 0, 8417, 0, 0, 0),
(84254, 11458, 429, 2078, 0, 116.59, 346.2, -4.81, 4.36, 3300, 0, 0, 8417, 0, 0, 0),
(84253, 11458, 429, 2078, 0, 110.21, 217.03, -4.81, 3.55, 3300, 0, 0, 8417, 0, 0, 0),
(84256, 14303, 429, 5848, 0, 101.27, 342.51, -4.81, 5.9, 3300, 0, 0, 7390, 0, 0, 0),
(84255, 14303, 429, 5848, 0, 119.75, 336.9, -4.81, 4.24, 3300, 0, 0, 7390, 0, 0, 0),
(84262, 14241, 429, 1461, 0, 37.99, 337.22, -4.81, 0.1, 3300, 0, 0, 8774, 0, 0, 0),
(84264, 11480, 429, 14253, 0, 8.99, 278.84, -8.35, 2.77, 3300, 0, 0, 7199, 9476, 0, 0),
(84266, 13021, 429, 12929, 0, -64.8744, 213.466, -4.98572, 6.25806, 3300, 0, 0, 16050, 0, 0, 0),
(84265, 11480, 429, 14253, 0, 2.14, 280.52, -8.3, 6.03, 3300, 0, 0, 7199, 9476, 0, 0),
(84268, 11465, 429, 6350, 0, -89.83, 323.43, -4.81, 0.79, 3300, 0, 0, 8021, 0, 0, 0),
(84267, 13021, 429, 12929, 0, 111.467, 340.627, -4.9858, 3.19675, 3300, 0, 0, 16050, 0, 0, 0),
(84270, 11465, 429, 6350, 0, -80.66, 331.95, -4.81, 5.06, 3300, 0, 0, 8021, 0, 0, 0),
(84269, 11465, 429, 6350, 0, -91.19, 333.67, -4.81, 0.21, 3300, 0, 0, 8021, 0, 0, 0),
(84271, 11464, 429, 9592, 0, 60.13, 254.96, -8.24, 2.47, 3300, 0, 0, 6209, 3175, 0, 0),
(84272, 11464, 429, 9592, 0, 66.02, 254.4, -8.24, 2.58, 3300, 0, 0, 6209, 3175, 0, 0),
(84274, 11462, 429, 10621, 0, 118.74, 276.11, -4.81, 2.02, 3300, 0, 0, 7548, 0, 0, 0),
(84273, 11464, 429, 9592, 0, 62.2, 249.04, -8.11, 2.37, 3300, 0, 0, 6209, 3175, 0, 0),
(84275, 11462, 429, 10621, 0, 116.5, 286.62, -4.81, 1.7, 3300, 0, 0, 7548, 0, 0, 0),
(84298, 11477, 429, 14391, 0, 78.13, 559.96, -4.22, 2.32, 721, 0, 0, 3769, 0, 0, 0),
(84297, 11477, 429, 14391, 0, 103.77, 517.64, -4.22, 1.85, 721, 0, 0, 3769, 0, 0, 0),
(84296, 11477, 429, 14391, 0, 108.46, 489.06, -4.22, 1.77, 721, 0, 0, 3769, 0, 0, 0),
(84295, 11476, 429, 11078, 0, -93.25, 500.39, -4.22, 4.78, 712, 0, 0, 3615, 0, 0, 0),
(84294, 11476, 429, 11078, 0, -89.89, 564.32, -4.22, 2.77, 712, 0, 0, 3615, 0, 0, 0),
(84293, 11476, 429, 11078, 0, -28.31, 543.26, -4.22, 3.64, 712, 0, 0, 3615, 0, 0, 0),
(84281, 11476, 429, 11078, 0, 36.45, 567.37, -4.22, 2.82, 712, 0, 0, 3615, 0, 0, 0),
(84280, 11476, 429, 11078, 0, 78.56, 536.85, -4.22, 2.73, 712, 0, 0, 3615, 0, 0, 0),
(84279, 11476, 429, 11078, 0, 113.36, 523.28, -4.22, 1.55, 712, 0, 0, 3615, 0, 0, 0),
(84277, 11476, 429, 11078, 0, 102.67, 490.66, -4.22, 1.62, 712, 0, 0, 3615, 0, 0, 0),
(84276, 11462, 429, 10621, 0, 86.29, 300.3, -8.09, 3.29, 3300, 0, 0, 7548, 0, 0, 0),
(84299, 11477, 429, 14391, 0, 35.3, 545.85, -4.22, 3.66, 721, 0, 0, 3769, 0, 0, 0),
(84300, 11477, 429, 14391, 0, -5.26, 537.98, -4.21, 3.09, 721, 0, 0, 3769, 0, 0, 0),
(84301, 11477, 429, 14391, 0, -46.68, 565.08, -4.22, 2.73, 721, 0, 0, 3769, 0, 0, 0),
(84304, 11477, 429, 14391, 0, -96.61, 468.04, -4.22, 0.63, 721, 0, 0, 3769, 0, 0, 0),
(84303, 11477, 429, 14391, 0, -101.35, 533.72, -4.22, 4.79, 721, 0, 0, 3769, 0, 0, 0),
(84302, 11477, 429, 14391, 0, -72.66, 546.05, -4.22, 4.06, 721, 0, 0, 3769, 0, 0, 0),
(84306, 11475, 429, 14368, 0, 111.48, 482.19, 28.78, 3.33, 3300, 0, 0, 8682, 0, 0, 0),
(84305, 11471, 429, 14365, 0, 103.07, 475.78, 28.78, 1.03, 3300, 0, 0, 6617, 6723, 0, 0),
(84307, 11470, 429, 11205, 0, 109.61, 487.32, 28.78, 3.58, 3300, 0, 0, 6969, 6867, 0, 0),
(84310, 11469, 429, 11213, 0, 71.45, 544.04, 28.79, 2.32, 3300, 0, 0, 8620, 0, 0, 0),
(84309, 14398, 429, 8471, 0, 71.6, 555.24, 28.79, 3.82, 3300, 0, 0, 7268, 6867, 0, 0),
(84308, 11472, 429, 10751, 0, 102.32, 492.82, 28.78, 4.39, 3300, 0, 0, 8374, 0, 0, 0),
(84311, 11473, 429, 14366, 0, 59.73, 545.7, 28.79, 0.77, 3300, 0, 0, 6894, 0, 0, 0),
(84313, 11469, 429, 11213, 0, 18.64, 529.49, 28.78, 0.45, 3300, 0, 0, 8620, 0, 0, 0),
(84312, 11471, 429, 14365, 0, 25.76, 526.24, 28.78, 2.62, 3300, 0, 0, 6617, 6723, 0, 0),
(84314, 11473, 429, 14366, 0, 19.06, 537.73, 28.78, 5.56, 3300, 0, 0, 6894, 0, 0, 0),
(84315, 11472, 429, 10751, 0, 32.36, 544.2, 28.78, 0.1, 3300, 0, 0, 8374, 0, 0, 0),
(84317, 11475, 429, 14368, 0, -71.02, 554.35, 28.79, 3.33, 3300, 0, 0, 8682, 0, 0, 0),
(84316, 14398, 429, 8471, 0, -80.54, 561.81, 28.79, 5.11, 3300, 0, 0, 7268, 6867, 0, 0),
(84318, 11469, 429, 11213, 0, -82.51, 548.18, 28.78, 1.5, 3300, 0, 0, 8620, 0, 0, 0),
(84320, 11473, 429, 14366, 0, -102.96, 511.56, 28.78, 5.68, 3300, 0, 0, 6894, 0, 0, 0),
(84319, 11471, 429, 14365, 0, -100.35, 498.94, 28.78, 0.88, 3300, 0, 0, 6617, 6723, 0, 0),
(84321, 11470, 429, 11205, 0, -91.79, 509.97, 28.78, 5.04, 3300, 0, 0, 6969, 6867, 0, 0),
(84322, 11473, 429, 14366, 0, -81.51, 502.82, 28.78, 3.69, 3300, 0, 0, 6894, 0, 0, 0),
(389611, 11457, 429, 0, 0, 37.0859, -390.51, -58.6112, 5.49092, 25000, 5, 0, 6526, 4326, 0, 1),
(389609, 11452, 429, 0, 0, -28.1429, -388.857, -58.6141, 5.44222, 25000, 5, 0, 8283, 0, 0, 0),
(84326, 14364, 429, 14397, 0, 118.19, 392.26, 28.78, 1.83, 3300, 0, 0, 8519, 2163, 0, 0),
(84365, 14364, 429, 14397, 0, 108, 389.23, 28.78, 1.82, 3300, 0, 0, 8519, 2163, 0, 0),
(84371, 14369, 429, 14408, 0, 96.53, 397.34, 27.68, 0.5, 3300, 0, 0, 9034, 2369, 0, 0),
(84373, 14369, 429, 14408, 0, -79.7, 391.74, 28.78, 2.17, 3300, 0, 0, 9034, 2369, 0, 0),
(84374, 14369, 429, 14408, 0, -71.48, 392.57, 28.03, 2.15, 3300, 0, 0, 9034, 2369, 0, 0),
(84375, 14364, 429, 14397, 0, -84.76, 403.1, 28.78, 1.51, 3300, 0, 0, 8519, 2163, 0, 0),
(84376, 11496, 429, 14173, 0, -40.45, 811.14, -29.36, 4.85, 1000000, 0, 0, 37172, 0, 0, 0),
(84377, 14354, 429, 7552, 0, 8, -713, -13, 1.58, 1000000, 0, 0, 12874, 13446, 0, 0),
(84378, 14323, 429, 11561, 0, 573.41, 546.36, -25.22, 1.49, 1000000, 0, 0, 23800, 0, 0, 0),
(84379, 14321, 429, 11561, 0, 392.82, 257.5, 11.62, 3.28, 1000000, 0, 0, 23739, 0, 0, 0),
(84380, 14322, 429, 11545, 0, 477.99, 90.12, -3.71, 3.29, 1000000, 0, 0, 23651, 0, 0, 0),
(84382, 13280, 429, 5489, 0, -16.64, -427.55, -59.77, 0, 1000000, 0, 0, 22374, 6723, 0, 0),
(84381, 11488, 429, 11270, 0, -11.46, 542.11, 28.78, 3.11, 1000000, 0, 0, 17342, 7302, 0, 0),
(84384, 14504, 429, 14553, 0, 4.3526, 783.866, -30.9702, 2.66244, 370, 0, 0, 3857, 0, 0, 0),
(84385, 14566, 429, 14585, 0, 17.98, 381.351, -3.60315, 2.20059, 350, 0, 0, 4200, 0, 0, 0),
(84386, 16045, 429, 1126, 0, 262.974, -442.555, -119.962, 4.61136, 450, 0, 0, 42, 0, 0, 0),
(388368, 11462, 429, 0, 0, -122.007, -194.136, -4.14815, 0.409394, 25000, 5, 0, 7548, 0, 0, 2),
(388366, 11464, 429, 0, 0, -120.675, -197.636, -4.14268, 6.2394, 25000, 5, 0, 6209, 3175, 0, 2),
(388364, 13196, 429, 0, 0, -85.6321, -208.955, -4.04574, 0.451024, 25000, 5, 0, 15347, 0, 0, 0),
(388360, 13021, 429, 0, 0, -13.9385, -175.956, -2.71439, 4.94351, 25000, 5, 0, 16050, 0, 0, 0),
(388362, 13196, 429, 0, 0, -28.7824, -210.911, -4.03181, 0.906577, 25000, 5, 0, 15347, 0, 0, 0),
(388358, 11462, 429, 0, 0, 21.9278, -207.249, -4.06373, 6.23863, 25000, 5, 0, 7683, 0, 0, 2),
(388356, 11462, 429, 0, 0, 22.0918, -199.684, -4.12567, 6.26219, 25000, 5, 0, 7819, 0, 0, 2),
(388354, 11464, 429, 0, 0, 23.1353, -202.58, -4.10331, 0.114092, 25000, 5, 0, 6409, 3244, 0, 2),
(388370, 11462, 429, 0, 0, -121.955, -199.076, -4.13047, 0.0237646, 25000, 5, 0, 7548, 0, 0, 2),
(388372, 13021, 429, 0, 0, -86.6481, -175.014, -2.71439, 4.75186, 25000, 5, 0, 16050, 0, 0, 0),
(388374, 13022, 429, 0, 0, -161.154, -198.987, -4.15314, 0.078732, 25000, 5, 0, 1883, 0, 0, 1),
(388376, 13022, 429, 0, 0, -161.38, -201.727, -4.15314, 6.18913, 25000, 5, 0, 1265, 0, 0, 1),
(388378, 13022, 429, 0, 0, -158.345, -199.801, -4.15314, 1.42648, 25000, 5, 0, 1265, 0, 0, 1),
(388380, 13022, 429, 0, 0, -157.791, -195.991, -4.15314, 3.38997, 25000, 5, 0, 1883, 0, 0, 1),
(388382, 13022, 429, 0, 0, -167.676, -199.859, -4.15314, 3.24546, 25000, 5, 0, 1265, 0, 0, 1),
(388384, 13022, 429, 0, 0, -164.837, -204.522, -4.15296, 5.25922, 25000, 5, 0, 1883, 0, 0, 1),
(388386, 13022, 429, 0, 0, -158.03, -204.708, -4.15271, 1.05027, 25000, 5, 0, 1883, 0, 0, 1),
(388388, 13196, 429, 0, 0, -167.583, -232.622, -4.14368, 1.50187, 25000, 5, 0, 15347, 0, 0, 0),
(388390, 13021, 429, 0, 0, -132.95, -279.93, -4.0338, 3.18733, 25000, 5, 0, 16050, 0, 0, 0),
(388392, 11464, 429, 0, 0, -158.434, -296.518, -4.1464, 6.21033, 25000, 5, 0, 6409, 3244, 0, 2),
(388394, 11462, 429, 0, 0, -163.706, -296.362, -4.1464, 6.25352, 25000, 5, 0, 7819, 0, 0, 2),
(388396, 11462, 429, 0, 0, -153.505, -296.664, -4.1464, 2.27627, 25000, 5, 0, 7548, 0, 0, 2),
(388398, 13021, 429, 0, 0, 136.093, -354.866, -4.15283, 3.22581, 25000, 5, 0, 16050, 0, 0, 0),
(388400, 13022, 429, 0, 0, 110.047, -323.323, -4.0861, 1.43903, 25000, 5, 0, 1265, 0, 0, 1),
(388402, 13022, 429, 0, 0, 109.473, -327.66, -4.08404, 4.58062, 25000, 5, 0, 1265, 0, 0, 1),
(388404, 13022, 429, 0, 0, 107.541, -333.362, -4.06824, 4.38585, 25000, 5, 0, 1265, 0, 0, 1),
(388406, 13022, 429, 0, 0, 113.912, -330.215, -4.1215, 0.458855, 25000, 5, 0, 1883, 0, 0, 1),
(388408, 13022, 429, 0, 0, 115.812, -325.72, -4.13721, 5.7116, 25000, 5, 0, 1265, 0, 0, 1),
(388410, 13022, 429, 0, 0, 114.685, -321.523, -4.12688, 1.1445, 25000, 5, 0, 1883, 0, 0, 1),
(388412, 13022, 429, 0, 0, 119.434, -329.633, -4.14884, 6.03282, 25000, 5, 0, 1265, 0, 0, 1),
(388414, 13022, 429, 0, 0, 119.465, -263.785, -4.14615, 2.95014, 25000, 5, 0, 1265, 0, 0, 1),
(388416, 13022, 429, 0, 0, 114.606, -262.935, -4.12548, 4.09446, 25000, 5, 0, 1883, 0, 0, 1),
(388418, 13022, 429, 0, 0, 109.295, -255.748, -4.08234, 3.7591, 25000, 5, 0, 1265, 0, 0, 1),
(388420, 13022, 429, 0, 0, 117.918, -257.892, -4.14635, 4.10075, 25000, 5, 0, 1265, 0, 0, 1),
(388422, 13022, 429, 0, 0, 111.717, -265.525, -4.10191, 4.03006, 25000, 5, 0, 1883, 0, 0, 1),
(388424, 13022, 429, 0, 0, 122.773, -265.142, -4.14518, 5.25843, 25000, 5, 0, 1883, 0, 0, 1),
(388426, 13022, 429, 0, 0, 124.218, -259.626, -4.14518, 2.89281, 25000, 5, 0, 1883, 0, 0, 1),
(393053, 11464, 429, 0, 0, 27.3125, -352.43, -4.09612, 0.332922, 25000, 5, 0, 6409, 3244, 0, 2),
(388432, 13196, 429, 0, 0, 66.1511, -359.737, -4.14745, 0.695395, 25000, 5, 0, 15534, 0, 0, 0),
(388434, 13022, 429, 0, 0, 53.178, -355.591, -4.11924, 4.86979, 25000, 5, 0, 1265, 0, 0, 1),
(388436, 13022, 429, 0, 0, 53.178, -355.591, -4.11924, 3.39952, 25000, 5, 0, 1265, 0, 0, 1),
(388438, 13022, 429, 0, 0, 48.9478, -356.707, -4.12853, 3.39952, 25000, 5, 0, 1265, 0, 0, 1),
(388440, 13022, 429, 0, 0, 45.3419, -355.461, -4.11869, 2.8089, 25000, 5, 0, 1265, 0, 0, 1),
(388442, 13022, 429, 0, 0, 45.9408, -352.262, -4.09268, 1.38576, 25000, 5, 0, 1265, 0, 0, 1),
(388444, 13022, 429, 0, 0, 49.6107, -353.834, -4.1052, 4.97031, 25000, 5, 0, 1265, 0, 0, 1),
(388446, 13022, 429, 0, 0, 48.4457, -349.417, -4.06943, 4.97031, 25000, 5, 0, 1883, 0, 0, 1),
(388448, 13022, 429, 0, 0, 52.2437, -350.222, -4.07573, 5.69445, 25000, 5, 0, 1883, 0, 0, 1),
(388450, 11464, 429, 0, 0, 13.1333, -355.273, -4.11854, 0.00816488, 25000, 5, 0, 6409, 3244, 0, 2),
(388452, 11462, 429, 0, 0, 11.2708, -358.014, -4.14109, 0.0356543, 25000, 5, 0, 7819, 0, 0, 2),
(388454, 11462, 429, 0, 0, 9.76557, -353.185, -4.10102, 0.0356548, 25000, 5, 0, 7819, 0, 0, 2),
(388664, 13022, 429, 0, 0, -132.311, -319.501, -4.02927, 0.0670689, 25000, 5, 0, 1883, 0, 0, 1),
(388666, 13022, 429, 0, 0, -134.76, -314.513, -4.04726, 1.88291, 25000, 5, 0, 1883, 0, 0, 1),
(388668, 13022, 429, 0, 0, -140.234, -326.11, -4.08959, 4.43703, 25000, 5, 0, 1265, 0, 0, 1),
(388670, 13196, 429, 0, 0, -145.96, -372.778, -4.07848, 1.64337, 25000, 5, 0, 15160, 0, 0, 0),
(388920, 13021, 429, 0, 0, -115.462, -361.433, -4.14907, 1.60755, 25000, 5, 0, 16568, 0, 0, 0),
(388922, 13022, 429, 0, 0, -88.4181, -352.609, -4.09373, 5.73922, 25000, 5, 0, 1265, 0, 0, 1),
(388924, 13022, 429, 0, 0, -88.5199, -357.956, -4.13745, 5.00409, 25000, 5, 0, 1265, 0, 0, 1),
(388972, 13022, 429, 0, 0, -92.1886, -358.89, -4.14525, 2.63533, 25000, 5, 0, 1265, 0, 0, 1),
(388974, 13022, 429, 0, 0, -90.8497, -355.317, -4.11598, 1.21219, 25000, 5, 0, 1265, 0, 0, 1),
(388976, 13022, 429, 0, 0, -91.6389, -349.349, -4.06716, 1.70228, 25000, 5, 0, 1883, 0, 0, 1),
(388978, 13022, 429, 0, 0, -94.2669, -352.163, -4.09021, 3.96108, 25000, 5, 0, 1883, 0, 0, 1),
(388980, 13022, 429, 0, 0, -95.183, -356.441, -4.12523, 4.50144, 25000, 5, 0, 1883, 0, 0, 1),
(388982, 11464, 429, 0, 0, -73.4545, -346.833, -4.0454, 3.2173, 25000, 5, 0, 6409, 3244, 0, 2),
(388984, 11462, 429, 0, 0, -74.6366, -343.763, -4.02111, 2.39656, 25000, 5, 0, 7819, 0, 0, 2),
(388986, 11462, 429, 0, 0, -71.6849, -353.161, -4.09773, 3.09792, 25000, 5, 0, 7683, 0, 0, 2),
(388988, 13196, 429, 0, 0, -45.5727, -362.49, -4.14778, 1.55068, 25000, 5, 0, 15534, 0, 0, 0),
(388990, 13022, 429, 0, 0, -116.047, -311.092, -57.2543, 1.69278, 25000, 5, 0, 1883, 0, 0, 1),
(388992, 13022, 429, 0, 0, -115.396, -316.399, -57.1451, 1.69278, 25000, 5, 0, 1883, 0, 0, 1),
(388994, 13022, 429, 0, 0, -118.699, -314.039, -57.1213, 2.34466, 25000, 5, 0, 1265, 0, 0, 1),
(388996, 13022, 429, 0, 0, -113.788, -313.368, -57.2555, 0.233507, 25000, 5, 0, 1883, 0, 0, 1),
(388998, 13022, 429, 0, 0, -110.727, -309.731, -57.4154, 0.871251, 25000, 5, 0, 1883, 0, 0, 1),
(389000, 13022, 429, 0, 0, -112.635, -307.778, -57.4154, 2.34466, 25000, 5, 0, 1265, 0, 0, 1),
(389002, 13022, 429, 0, 0, -117.306, -306.298, -57.3004, 2.83475, 25000, 5, 0, 1883, 0, 0, 1),
(389004, 13022, 429, 0, 0, -121.701, -308.414, -57.1803, 3.95315, 25000, 5, 0, 1883, 0, 0, 1),
(389006, 13022, 429, 0, 0, -117.454, -307.956, -57.294, 4.26575, 25000, 5, 0, 1883, 0, 0, 1),
(389008, 13022, 429, 0, 0, -113.68, -307.988, -57.3848, 5.47997, 25000, 5, 0, 1265, 0, 0, 1),
(389010, 13022, 429, 0, 0, -60.1634, -354.025, -55.0671, 2.31089, 25000, 5, 0, 1265, 0, 0, 1),
(389012, 13022, 429, 0, 0, -57.6729, -356.606, -55.0879, 2.33838, 25000, 5, 0, 1265, 0, 0, 1),
(389014, 13022, 429, 0, 0, -57.025, -353.375, -54.7523, 1.72577, 25000, 5, 0, 1883, 0, 0, 1),
(390290, 13022, 429, 0, 0, 294.701, -499.968, -119.12, 1.49384, 25000, 5, 0, 1883, 0, 0, 1),
(390292, 13022, 429, 0, 0, 247.988, -505.894, -119.12, 3.23899, 25000, 5, 0, 1883, 0, 0, 1),
(390294, 13022, 429, 0, 0, 245.406, -505.385, -119.12, 2.94682, 25000, 5, 0, 1265, 0, 0, 1),
(390296, 13022, 429, 0, 0, 238.042, -505.079, -119.12, 3.25234, 25000, 5, 0, 1883, 0, 0, 1),
(390298, 13022, 429, 0, 0, 240.056, -499.646, -119.12, 5.26454, 25000, 5, 0, 1883, 0, 0, 1),
(393055, 11462, 429, 0, 0, 25.9087, -356.128, -4.12466, 0.350201, 25000, 5, 0, 7548, 0, 0, 2),
(393057, 11462, 429, 0, 0, 23.9462, -353.23, -4.1026, 1.87387, 25000, 5, 0, 7548, 0, 0, 2),
(394976, 11456, 429, 0, 0, -86.5093, -478.41, -5.09856, 1.39103, 25, 5, 0, 7906, 0, 0, 1),
(394978, 11456, 429, 0, 0, 112.232, -381.786, -3.27351, 4.7526, 25, 5, 0, 7906, 0, 0, 1),
(394980, 11454, 429, 0, 0, 60.1487, -601.205, -25.0939, 0.523731, 25, 5, 0, 7992, 0, 0, 1),
(394982, 11451, 429, 0, 0, 58.1888, -597.699, -25.0693, 6.12204, 25, 5, 0, 7704, 0, 0, 1),
(394984, 11451, 429, 0, 0, 63.2753, -604.099, -25.1332, 1.2133, 25, 5, 0, 7704, 0, 0, 1);


update creature set spawntimesecs = 25000 where spawntimesecs = 25;
delete from gameobject_template where entry = 179526;
delete from gameobject_template where entry = 179528;
delete from gameobject_loot_template where entry =16548;
INSERT INTO `gameobject_template` VALUES
(179528, 3, 391, 'Warpwood Pod', 0, 0, 1, 57, 16548, 0, 1, 0, 0, 0, 0, 0, 0, 0, 0, 0, 0, 0, 0, 0, 0, 0, 0, 0, 0, 0, 0, 0, 0, ''),
(179526, 6, 391, 'Warpwood Pod', 91, 0, 0, 0, 0, 3, 24099, 0, 30000, 0, 0, 0, 0, 0, 0, 0, 0, 0, 0, 0, 0, 0, 0, 0, 0, 0, 0, 0, 0, '');
INSERT INTO `gameobject_loot_template` VALUES
(16548, 18255, 51, 0, 5, 10, 0, 0, 0),
(16548, 18297, 99, 0, 1, 1, 0, 0, 0);


INSERT INTO `gameobject` VALUES
(16322220, 179547, 429, 269.238, -469.511, -119.962, 4.70371, 0, 0, 0.710168, -0.704032, 25, 0, 1),
(99902, 300060, 429, 263.38, -452.69, -119.96, 0, 0, 0, 0, 0, 180, 0, 1),
(99896, 300051, 429, -38.94, 812.85, -29.53, 0, 0, 0, 0, 0, 180, 0, 1),
(44726, 179559, 429, 261.833, -455.17, -119.962, 4.90505, 0, 0, 0.635818, -0.771839, 180, 100, 1),
(99895, 300050, 429, -38.94, 812.86, -29.53, 0, 0, 0, 0, 0, 180, 0, 1),
(11921, 179517, 429, 117.094, 533.327, -48.466, 4.85341, 0, 0, 0.655532, -0.755167, 25, 0, 1),
(35832, 179516, 429, 385.031, 260.257, 11.4396, 1.6352, 0, 0, 0.729506, 0.683974, 7200, 0, 1),
(35833, 179547, 429, 157.708, 602.89, -26.7316, 3.21621, 0, 0, 0.999304, -0.0372996, 7200, 0, 1),
(99787, 179674, 429, -42.5304, 835.045, -29.5359, 4.77773, 0, 0, 0.683633, -0.729826, -900, 0, 1),
(99786, 179672, 429, -17.6217, 816.557, -29.5359, 3.30353, 0, 0, 0.996724, -0.0808781, -900, 0, 1),
(99785, 179673, 429, -59.7294, 808.98, -29.5359, 0.213769, 0, 0, 0.106681, 0.994293, -900, 0, 1),
(99784, 179668, 429, -38.8094, 812.696, -29.5359, 4.90495, 0, 0, 0.635856, -0.771808, -900, 0, 1),
(99783, 179681, 429, -35.712, 796.486, -29.5359, 4.90495, 0, 0, 0.735698, 0.677309, -900, 0, 1),
(99782, 179669, 429, -42.1705, 794.235, -29.5359, 1.35102, 0, 0, 0.625294, 0.780389, -900, 0, 1),
(99781, 179670, 429, -54.7371, 803.251, -29.5359, 0.549925, 0, 0, 0.271511, 0.962435, -900, 0, 1),
(99780, 179671, 429, -56.2721, 816.969, -29.5359, 6.0006, 0, 0, 0.140824, -0.990035, -900, 0, 1),
(99779, 179669, 429, -48.6689, 828.936, -29.5359, 5.33299, 0, 0, 0.457424, -0.889249, -900, 0, 1),
(99778, 179670, 429, -35.8296, 831.663, -29.5359, 4.48085, 0, 0, 0.784052, -0.620695, -900, 0, 1),
(99777, 179671, 429, -25.0153, 825.11, -29.5359, 3.83134, 0, 0, 0.941119, -0.338076, -900, 0, 1),
(99776, 179669, 429, -19.4947, 813.068, -29.5359, 3.15588, 0, 0, 0.999974, -0.00714229, -900, 0, 1),
(99775, 179670, 429, -24.1474, 801.253, -29.5359, 2.52128, 0, 0, 0.952287, 0.305205, -900, 0, 1),
(99774, 179671, 429, -31.5518, 794.877, -29.5359, 2.00921, 0, 0, 0.843951, 0.536421, -900, 0, 1),
(44727, 179559, 429, 271.932, -452.03, -119.962, 4.22411, 0, 0, 0.857061, -0.515214, 180, 100, 1),
(44728, 179559, 429, 264.225, -445.195, -119.962, 4.49507, 0, 0, 0.779619, -0.626254, 180, 100, 1),
(44729, 179559, 429, 260.216, -441.411, -119.962, 4.6011, 0, 0, 0.745339, -0.666686, 180, 100, 1),
(44730, 179559, 429, 261.893, -449.823, -119.962, 4.78173, 0, 0, 0.682169, -0.731194, 180, 100, 1),
(44739, 179544, 429, 168.564, 526.016, -48.4669, 1.62774, 0, 0, 0.72695, 0.68669, 180, 0, 1),
(44740, 179499, 429, 599.501, 606.489, -4.75246, 3.74834, 0, 0, 0.954335, -0.298739, 7200, 100, 1),
(13372177, 179503, 429, -38.8278, 812.813, -29.5357, 4.85042, 0, 0, 0.656662, -0.754185, 25, 0, 1),
(13372179, 179506, 429, -38.2075, 904.858, -23.212, 4.70118, 0, 0, 0.711059, -0.703133, 25, 0, 1),
(13372267, 179528, 429, -7.31944, -199.932, -4.12898, 3.17716, 0, 0, 0.999842, -0.0177845, 25, 0, 1),
(13372269, 179528, 429, -115.364, -199.863, -4.12303, 0.0316319, 0, 0, 0.0158153, 0.999875, 25, 0, 1),
(13372271, 179528, 429, -169.22, -271.739, -4.11298, 4.37802, 0, 0, 0.814914, -0.579581, 25, 0, 1),
(13372273, 179528, 429, -156.778, -321.817, -4.14757, 0.474571, 0, 0, 0.235065, 0.97198, 25, 0, 1),
(13372275, 179528, 429, -75.0192, -358.255, -4.13954, 2.21422, 0, 0, 0.89441, 0.447248, 25, 0, 1),
(13372277, 179528, 429, -26.9617, -346.115, -4.04249, 0.0378849, 0, 0, 0.0189413, 0.999821, 25, 0, 1),
(13372279, 179528, 429, 119.662, -337.27, -4.14948, 4.07876, 0, 0, 0.892209, -0.451622, 25, 0, 1),
(13372281, 179528, 429, 127.49, -295.982, -4.14779, 1.20813, 0, 0, 0.567991, 0.823035, 25, 0, 1),
(13372283, 179528, 429, 37.4913, -367.297, -4.11006, 3.11822, 0, 0, 0.999932, 0.0116873, 25, 0, 1),
(13372285, 179528, 429, 117.334, -426.531, -3.27354, 4.97176, 0, 0, 0.609723, -0.792615, 25, 0, 1),
(13372287, 179528, 429, 58.6889, -628.596, -25.1106, 5.48619, 0, 0, 0.388036, -0.921644, 25, 0, 1),
(13372289, 179528, 429, 24.6874, -687.13, -25.161, 2.97056, 0, 0, 0.996346, 0.0854128, 25, 0, 1),
(13372291, 179528, 429, 59.3536, -770.956, -25.0789, 3.69311, 0, 0, 0.962218, -0.272279, 25, 0, 1),
(13372293, 179528, 429, 41.5838, -744.767, -25.1342, 2.69959, 0, 0, 0.975678, 0.219208, 25, 0, 1),
(13372295, 179528, 429, 18.0075, -702.639, -12.6426, 2.40507, 0, 0, 0.932954, 0.359995, 25, 0, 1),
(13372297, 179528, 429, 35.9911, -462.834, -4.23633, 4.66307, 0, 0, 0.724328, -0.689456, 25, 0, 1),
(13372299, 179528, 429, 2.79901, -432.939, -4.22399, 2.24404, 0, 0, 0.900979, 0.433863, 25, 0, 1),
(13372301, 179528, 429, -6.63628, -395.25, -4.22212, 2.44039, 0, 0, 0.939166, 0.343462, 25, 0, 1),
(13372303, 179528, 429, -45.1048, -395.206, -4.22212, 3.42214, 0, 0, 0.990178, -0.139813, 25, 0, 1),
(13372305, 179528, 429, -107.537, -398.804, -4.21963, 1.90867, 0, 0, 0.815931, 0.57815, 25, 0, 1),
(13372307, 179528, 429, -36.1163, -464.294, -58.6154, 0.236558, 0, 0, 0.118003, 0.993013, 25, 0, 1),
(13372309, 179528, 429, 5.08135, -450.391, -58.6289, 0.218494, 0, 0, 0.10903, 0.994038, 25, 0, 1),
(13372311, 179528, 429, 57.8838, -439.71, -58.5945, 4.2413, 0, 0, 0.852601, -0.522562, 25, 0, 1),
(13372313, 179528, 429, 54.9148, -407.202, -58.6055, 1.10756, 0, 0, 0.525907, 0.850542, 25, 0, 1),
(13372315, 179528, 429, -6.6703, -391.616, -58.6138, 0.205138, 0, 0, 0.102389, 0.994744, 25, 0, 1),
(13372317, 179528, 429, -44.8291, -391.516, -58.6138, 1.94794, 0, 0, 0.827123, 0.562022, 25, 0, 1),
(13372319, 179528, 429, -94.0269, -406.948, -58.6083, 3.31453, 0, 0, 0.996264, -0.0863607, 25, 0, 1),
(13372321, 179528, 429, -137.421, -335.323, -56.8967, 0.696793, 0, 0, 0.341391, 0.939921, 25, 0, 1),
(13372323, 179528, 429, -81.6526, -367.538, -56.778, 5.59768, 0, 0, 0.336081, -0.941833, 25, 0, 1),
(13372325, 179528, 429, -61.3003, -309.158, -55.2533, 6.17966, 0, 0, 0.0517375, -0.998661, 25, 0, 1),
(13372327, 179528, 429, -132.187, -268.99, -53.5975, 4.98585, 0, 0, 0.604125, -0.79689, 25, 0, 1),
(13372329, 179528, 429, -128.253, -237.338, -54.5075, 5.78226, 0, 0, 0.247854, -0.968797, 25, 0, 1),
(13372331, 179528, 429, -42.6079, -241.51, -58.4376, 0.315876, 0, 0, 0.157282, 0.987554, 25, 0, 1),
(13372333, 179528, 429, -47.7715, -288.695, -56.8628, 4.3489, 0, 0, 0.823268, -0.567652, 25, 0, 1),
(13372335, 179528, 429, -7.39841, -354.586, -54.3025, 5.69428, 0, 0, 0.290218, -0.956961, 25, 0, 1),
(13372337, 179528, 429, 21.2612, -315.565, -51.408, 0.753334, 0, 0, 0.367823, 0.929896, 25, 0, 1),
(13372339, 179528, 429, 78.9808, -255.675, -55.1872, 1.22064, 0, 0, 0.573131, 0.819464, 25, 0, 1),
(13372341, 179528, 429, 73.8773, -213.816, -57.2158, 2.74039, 0, 0, 0.979947, 0.199259, 25, 0, 1),
(13372343, 179528, 429, 45.4336, -212.323, -57.158, 1.55836, 0, 0, 0.702698, 0.711489, 25, 0, 1),
(13372345, 179528, 429, 13.3744, -222.14, -51.9433, 3.04669, 0, 0, 0.998874, 0.0474315, 25, 0, 1),
(13372347, 179528, 429, -47.1369, -215.98, -57.0619, 3.32551, 0, 0, 0.995775, -0.0918294, 25, 0, 1),
(13372349, 179528, 429, -110.237, -217.685, -56.0891, 4.65047, 0, 0, 0.728655, -0.684881, 25, 0, 1),
(13372351, 179528, 429, 118.145, -293.551, -56.8016, 3.48022, 0, 0, 0.985701, -0.168504, 25, 0, 1),
(13372353, 179528, 429, 165.445, -275.339, -56.3073, 0.370037, 0, 0, 0.183965, 0.982933, 25, 0, 1),
(13372355, 179528, 429, 254.803, -295.722, -56.5731, 4.58764, 0, 0, 0.74981, -0.661653, 25, 0, 1),
(13372357, 179528, 429, 257.409, -387.412, -67.5259, 4.42663, 0, 0, 0.80059, -0.599213, 25, 0, 1),
(13372359, 179528, 429, 213.621, -368.363, -67.5259, 3.09538, 0, 0, 0.999733, 0.0231055, 25, 0, 1),
(13372361, 179528, 429, 324.13, -379.95, -71.1481, 5.60236, 0, 0, 0.333874, -0.942618, 25, 0, 1),
(13372363, 179528, 429, 364.915, -470.547, -96.5177, 0.804358, 0, 0, 0.391424, 0.92021, 25, 0, 1),
(13372365, 179528, 429, 296.058, -533.628, -111.976, 3.52969, 0, 0, 0.981231, -0.192835, 25, 0, 1),
(13372367, 179528, 429, 242.401, -545.778, -111.976, 0.593876, 0, 0, 0.292594, 0.956237, 25, 0, 1),
(13372369, 179528, 429, 217.296, -524.39, -111.048, 1.88586, 0, 0, 0.809282, 0.587421, 25, 0, 1),
(13372371, 179528, 429, 179.062, -485.519, -101.473, 1.91884, 0, 0, 0.81886, 0.573994, 25, 0, 1),
(13372373, 179528, 429, 237.832, -507.952, -119.12, 4.00014, 0, 0, 0.909267, -0.416213, 25, 0, 1),
(13372375, 179528, 429, 298.271, -488.419, -119.12, 1.12951, 0, 0, 0.535209, 0.844719, 25, 0, 1),
(13372377, 179528, 429, 238.891, -421.059, -119.962, 6.26602, 0, 0, 0.00858502, -0.999963, 25, 0, 1),
(13372379, 179528, 429, 274.191, -416.773, -119.962, 0.571882, 0, 0, 0.28206, 0.959397, 25, 0, 1),
(180918, 179526, 429, -7.31944, -199.932, -4.12898, 3.17716, 0, 0, 0.999842, -0.0177845, 25, 0, 1),
(100028, 179526, 429, -115.364, -199.863, -4.12303, 0.0316319, 0, 0, 0.0158153, 0.999875, 25, 0, 1),
(100038, 179526, 429, -169.22, -271.739, -4.11298, 4.37802, 0, 0, 0.814914, -0.579581, 25, 0, 1),
(100048, 179526, 429, -156.778, -321.817, -4.14757, 0.474571, 0, 0, 0.235065, 0.97198, 25, 0, 1),
(100058, 179526, 429, -75.0192, -358.255, -4.13954, 2.21422, 0, 0, 0.89441, 0.447248, 25, 0, 1),
(100068, 179526, 429, -26.9617, -346.115, -4.04249, 0.0378849, 0, 0, 0.0189413, 0.999821, 25, 0, 1),
(100078, 179526, 429, 119.662, -337.27, -4.14948, 4.07876, 0, 0, 0.892209, -0.451622, 25, 0, 1),
(100088, 179526, 429, 127.49, -295.982, -4.14779, 1.20813, 0, 0, 0.567991, 0.823035, 25, 0, 1),
(100098, 179526, 429, 37.4913, -367.297, -4.11006, 3.11822, 0, 0, 0.999932, 0.0116873, 25, 0, 1),
(100108, 179526, 429, 117.334, -426.531, -3.27354, 4.97176, 0, 0, 0.609723, -0.792615, 25, 0, 1),
(100208, 179526, 429, 58.6889, -628.596, -25.1106, 5.48619, 0, 0, 0.388036, -0.921644, 25, 0, 1),
(100308, 179526, 429, 24.6874, -687.13, -25.161, 2.97056, 0, 0, 0.996346, 0.0854128, 25, 0, 1),
(100408, 179526, 429, 59.3536, -770.956, -25.0789, 3.69311, 0, 0, 0.962218, -0.272279, 25, 0, 1),
(100508, 179526, 429, 41.5838, -744.767, -25.1342, 2.69959, 0, 0, 0.975678, 0.219208, 25, 0, 1),
(100608, 179526, 429, 18.0075, -702.639, -12.6426, 2.40507, 0, 0, 0.932954, 0.359995, 25, 0, 1),
(100708, 179526, 429, 35.9911, -462.834, -4.23633, 4.66307, 0, 0, 0.724328, -0.689456, 25, 0, 1),
(100808, 179526, 429, 2.79901, -432.939, -4.22399, 2.24404, 0, 0, 0.900979, 0.433863, 25, 0, 1),
(100908, 179526, 429, -6.63628, -395.25, -4.22212, 2.44039, 0, 0, 0.939166, 0.343462, 25, 0, 1),
(101008, 179526, 429, -45.1048, -395.206, -4.22212, 3.42214, 0, 0, 0.990178, -0.139813, 25, 0, 1),
(102008, 179526, 429, -107.537, -398.804, -4.21963, 1.90867, 0, 0, 0.815931, 0.57815, 25, 0, 1),
(103008, 179526, 429, -36.1163, -464.294, -58.6154, 0.236558, 0, 0, 0.118003, 0.993013, 25, 0, 1),
(104008, 179526, 429, 5.08135, -450.391, -58.6289, 0.218494, 0, 0, 0.10903, 0.994038, 25, 0, 1),
(105008, 179526, 429, 57.8838, -439.71, -58.5945, 4.2413, 0, 0, 0.852601, -0.522562, 25, 0, 1),
(106008, 179526, 429, 54.9148, -407.202, -58.6055, 1.10756, 0, 0, 0.525907, 0.850542, 25, 0, 1),
(107008, 179526, 429, -6.6703, -391.616, -58.6138, 0.205138, 0, 0, 0.102389, 0.994744, 25, 0, 1),
(108008, 179526, 429, -44.8291, -391.516, -58.6138, 1.94794, 0, 0, 0.827123, 0.562022, 25, 0, 1),
(109008, 179526, 429, -94.0269, -406.948, -58.6083, 3.31453, 0, 0, 0.996264, -0.0863607, 25, 0, 1),
(110008, 179526, 429, -137.421, -335.323, -56.8967, 0.696793, 0, 0, 0.341391, 0.939921, 25, 0, 1),
(120008, 179526, 429, -81.6526, -367.538, -56.778, 5.59768, 0, 0, 0.336081, -0.941833, 25, 0, 1),
(130008, 179526, 429, -61.3003, -309.158, -55.2533, 6.17966, 0, 0, 0.0517375, -0.998661, 25, 0, 1),
(140008, 179526, 429, -132.187, -268.99, -53.5975, 4.98585, 0, 0, 0.604125, -0.79689, 25, 0, 1),
(150008, 179526, 429, -128.253, -237.338, -54.5075, 5.78226, 0, 0, 0.247854, -0.968797, 25, 0, 1),
(160008, 179526, 429, -42.6079, -241.51, -58.4376, 0.315876, 0, 0, 0.157282, 0.987554, 25, 0, 1),
(170008, 179526, 429, -47.7715, -288.695, -56.8628, 4.3489, 0, 0, 0.823268, -0.567652, 25, 0, 1),
(180008, 179526, 429, -7.39841, -354.586, -54.3025, 5.69428, 0, 0, 0.290218, -0.956961, 25, 0, 1),
(190008, 179526, 429, 21.2612, -315.565, -51.408, 0.753334, 0, 0, 0.367823, 0.929896, 25, 0, 1),
(110098, 179526, 429, 78.9808, -255.675, -55.1872, 1.22064, 0, 0, 0.573131, 0.819464, 25, 0, 1),
(120088, 179526, 429, 73.8773, -213.816, -57.2158, 2.74039, 0, 0, 0.979947, 0.199259, 25, 0, 1),
(130078, 179526, 429, 45.4336, -212.323, -57.158, 1.55836, 0, 0, 0.702698, 0.711489, 25, 0, 1),
(140068, 179526, 429, 13.3744, -222.14, -51.9433, 3.04669, 0, 0, 0.998874, 0.0474315, 25, 0, 1),
(150058, 179526, 429, -47.1369, -215.98, -57.0619, 3.32551, 0, 0, 0.995775, -0.0918294, 25, 0, 1),
(160048, 179526, 429, -110.237, -217.685, -56.0891, 4.65047, 0, 0, 0.728655, -0.684881, 25, 0, 1),
(170038, 179526, 429, 118.145, -293.551, -56.8016, 3.48022, 0, 0, 0.985701, -0.168504, 25, 0, 1),
(180028, 179526, 429, 165.445, -275.339, -56.3073, 0.370037, 0, 0, 0.183965, 0.982933, 25, 0, 1),
(190018, 179526, 429, 254.803, -295.722, -56.5731, 4.58764, 0, 0, 0.74981, -0.661653, 25, 0, 1),
(110908, 179526, 429, 257.409, -387.412, -67.5259, 4.42663, 0, 0, 0.80059, -0.599213, 25, 0, 1),
(120808, 179526, 429, 213.621, -368.363, -67.5259, 3.09538, 0, 0, 0.999733, 0.0231055, 25, 0, 1),
(130708, 179526, 429, 324.13, -379.95, -71.1481, 5.60236, 0, 0, 0.333874, -0.942618, 25, 0, 1),
(150608, 179526, 429, 364.915, -470.547, -96.5177, 0.804358, 0, 0, 0.391424, 0.92021, 25, 0, 1),
(140508, 179526, 429, 296.058, -533.628, -111.976, 3.52969, 0, 0, 0.981231, -0.192835, 25, 0, 1),
(160408, 179526, 429, 242.401, -545.778, -111.976, 0.593876, 0, 0, 0.292594, 0.956237, 25, 0, 1),
(170308, 179526, 429, 217.296, -524.39, -111.048, 1.88586, 0, 0, 0.809282, 0.587421, 25, 0, 1),
(180208, 179526, 429, 179.062, -485.519, -101.473, 1.91884, 0, 0, 0.81886, 0.573994, 25, 0, 1),
(190108, 179526, 429, 237.832, -507.952, -119.12, 4.00014, 0, 0, 0.909267, -0.416213, 25, 0, 1),
(111008, 179526, 429, 298.271, -488.419, -119.12, 1.12951, 0, 0, 0.535209, 0.844719, 25, 0, 1),
(122008, 179526, 429, 238.891, -421.059, -119.962, 6.26602, 0, 0, 0.00858502, -0.999963, 25, 0, 1),
(133008, 179526, 429, 274.191, -416.773, -119.962, 0.571882, 0, 0, 0.28206, 0.959397, 25, 0, 1);


update gameobject set spawntimesecs = 30000 where spawntimesecs = 25;
delete from `creature_movement` where id = 389068;
delete from `creature_movement` where id = 389070;
delete from `creature_movement` where id = 389072;
delete from `creature_movement` where id = 389030;
delete from `creature_movement` where id = 389032;
delete from `creature_movement` where id = 389034;
delete from `creature_movement` where id = 389064;
delete from `creature_movement` where id = 84040;
delete from `creature_movement` where id = 84039;
delete from `creature_movement` where id = 389066;
delete from `creature_movement` where id = 84042;
delete from `creature_movement` where id = 84043;
delete from `creature_movement` where id = 388354;
delete from `creature_movement` where id = 388356;
delete from `creature_movement` where id = 388358;
delete from `creature_movement` where id = 388366;
delete from `creature_movement` where id = 388368;
delete from `creature_movement` where id = 388370;
delete from `creature_movement` where id = 388392;
delete from `creature_movement` where id = 388394;
delete from `creature_movement` where id = 388396;
delete from `creature_movement` where id = 388982;
delete from `creature_movement` where id = 388984;
delete from `creature_movement` where id = 388986;
delete from `creature_movement` where id = 388450;
delete from `creature_movement` where id = 388452;
delete from `creature_movement` where id = 388454;
delete from `creature_movement` where id = 393053;
delete from `creature_movement` where id = 393055;
delete from `creature_movement` where id = 393057;
delete from `creature_movement` where id = 84036;
delete from `creature_movement` where id = 84034;
delete from `creature_movement` where id = 390160;
delete from `creature_movement` where id = 394976;
delete from `creature_movement` where id = 57003;
delete from `creature_movement` where id = 57025;
delete from `creature_movement` where id = 394978;
delete from `creature_movement` where id = 56997;
delete from `creature_movement` where id = 56998;
delete from `creature_movement` where id = 56999;


UPDATE `creature_template` SET `speed_walk` = '1.5' WHERE `creature_template`.`entry` =13021 LIMIT 1 ;
UPDATE `creature_template` SET `speed_walk` = '2.5' WHERE `creature_template`.`entry` =11465 LIMIT 1 ;
UPDATE `creature_template` SET `speed_walk` = '2.55' WHERE `creature_template`.`entry` =11461 LIMIT 1 ;
UPDATE creature SET MovementType = 0 where creature.id = 13021;
UPDATE creature SET MovementType = 0 where creature.id = 13196;



UPDATE `creature` SET `MovementType` =  '2' WHERE `creature`.`guid` =389068 LIMIT 1 ;
INSERT INTO `creature_movement` VALUES
(389068, 1, 116, -231, -57, 0, 0, 0, 0, 0, 0, 0, 0, 0, 0, 0, 0, 0),
(389068, 2, 118, -255, -57, 0, 0, 0, 0, 0, 0, 0, 0, 0, 0, 0, 0, 0),
(389068, 3, 82, -292, -56, 0, 0, 0, 0, 0, 0, 0, 0, 0, 0, 0, 0, 0),
(389068, 4, 74, -308, -55, 0, 0, 0, 0, 0, 0, 0, 0, 0, 0, 0, 0, 0),
(389068, 5, 61, -315, -54, 0, 0, 0, 0, 0, 0, 0, 0, 0, 0, 0, 0, 0),
(389068, 6, 69, -353, -56, 0, 0, 0, 0, 0, 0, 0, 0, 0, 0, 0, 0, 0),
(389068, 7, 61, -315, -54, 0, 0, 0, 0, 0, 0, 0, 0, 0, 0, 0, 0, 0),
(389068, 8, 74, -308, -55, 0, 0, 0, 0, 0, 0, 0, 0, 0, 0, 0, 0, 0),
(389068, 9, 82, -292, -56, 0, 0, 0, 0, 0, 0, 0, 0, 0, 0, 0, 0, 0),
(389068, 10, 118, -255, -57, 0, 0, 0, 0, 0, 0, 0, 0, 0, 0, 0, 0, 0),
(389068, 11, 116, -234, -57, 0, 0, 0, 0, 0, 0, 0, 0, 0, 0, 0, 0, 0),
(389068, 12, 116, -235, -57, 0, 0, 0, 0, 0, 0, 0, 0, 0, 0, 0, 0, 0);

UPDATE `creature` SET `MovementType` =  '2' WHERE `creature`.`guid` =389070 LIMIT 1 ;
INSERT INTO `creature_movement` VALUES
(389070, 12, 116, -234, -57, 0, 0, 0, 0, 0, 0, 0, 0, 0, 0, 0, 0, 0),
(389070, 1, 116, -231, -57, 0, 0, 0, 0, 0, 0, 0, 0, 0, 0, 0, 0, 0),
(389070, 2, 118, -255, -57, 0, 0, 0, 0, 0, 0, 0, 0, 0, 0, 0, 0, 0),
(389070, 3, 82, -292, -56, 0, 0, 0, 0, 0, 0, 0, 0, 0, 0, 0, 0, 0),
(389070, 4, 74, -308, -55, 0, 0, 0, 0, 0, 0, 0, 0, 0, 0, 0, 0, 0),
(389070, 5, 61, -315, -54, 0, 0, 0, 0, 0, 0, 0, 0, 0, 0, 0, 0, 0),
(389070, 6, 69, -353, -56, 0, 0, 0, 0, 0, 0, 0, 0, 0, 0, 0, 0, 0),
(389070, 7, 61, -315, -54, 0, 0, 0, 0, 0, 0, 0, 0, 0, 0, 0, 0, 0),
(389070, 8, 74, -308, -55, 0, 0, 0, 0, 0, 0, 0, 0, 0, 0, 0, 0, 0),
(389070, 9, 82, -292, -56, 0, 0, 0, 0, 0, 0, 0, 0, 0, 0, 0, 0, 0),
(389070, 10, 118, -255, -57, 0, 0, 0, 0, 0, 0, 0, 0, 0, 0, 0, 0, 0),
(389070, 11, 116, -235, -57, 0, 0, 0, 0, 0, 0, 0, 0, 0, 0, 0, 0, 0);

UPDATE `creature` SET `MovementType` =  '2' WHERE `creature`.`guid` =389072 LIMIT 1 ;
INSERT INTO `creature_movement` VALUES
(389072, 11, 116, -235, -57, 0, 0, 0, 0, 0, 0, 0, 0, 0, 0, 0, 0, 0),
(389072, 12, 116, -234, -57, 0, 0, 0, 0, 0, 0, 0, 0, 0, 0, 0, 0, 0),
(389072, 1, 116, -231, -57, 0, 0, 0, 0, 0, 0, 0, 0, 0, 0, 0, 0, 0),
(389072, 2, 118, -255, -57, 0, 0, 0, 0, 0, 0, 0, 0, 0, 0, 0, 0, 0),
(389072, 3, 82, -292, -56, 0, 0, 0, 0, 0, 0, 0, 0, 0, 0, 0, 0, 0),
(389072, 4, 74, -308, -55, 0, 0, 0, 0, 0, 0, 0, 0, 0, 0, 0, 0, 0),
(389072, 5, 61, -315, -54, 0, 0, 0, 0, 0, 0, 0, 0, 0, 0, 0, 0, 0),
(389072, 6, 69, -353, -56, 0, 0, 0, 0, 0, 0, 0, 0, 0, 0, 0, 0, 0),
(389072, 7, 61, -315, -54, 0, 0, 0, 0, 0, 0, 0, 0, 0, 0, 0, 0, 0),
(389072, 8, 74, -308, -55, 0, 0, 0, 0, 0, 0, 0, 0, 0, 0, 0, 0, 0),
(389072, 9, 82, -292, -56, 0, 0, 0, 0, 0, 0, 0, 0, 0, 0, 0, 0, 0),
(389072, 10, 118, -255, -57, 0, 0, 0, 0, 0, 0, 0, 0, 0, 0, 0, 0, 0);



UPDATE `creature` SET `MovementType` =  '2' WHERE `creature`.`guid` =389030 LIMIT 1 ;
INSERT INTO `creature_movement` VALUES
(389030, 1, -33, -320, -52, 0, 0, 0, 0, 0, 0, 0, 0, 0, 0, 0, 0, 0),
(389030, 2, -27, -287, -55, 0, 0, 0, 0, 0, 0, 0, 0, 0, 0, 0, 0, 0),
(389030, 3, -47, -251, -59, 0, 0, 0, 0, 0, 0, 0, 0, 0, 0, 0, 0, 0),
(389030, 4, -73, -239, -57, 0, 0, 0, 0, 0, 0, 0, 0, 0, 0, 0, 0, 0),
(389030, 5, -91, -237, -56, 0, 0, 0, 0, 0, 0, 0, 0, 0, 0, 0, 0, 0),
(389030, 6, -73, -239, -57, 0, 0, 0, 0, 0, 0, 0, 0, 0, 0, 0, 0, 0),
(389030, 7, -47, -251, -59, 0, 0, 0, 0, 0, 0, 0, 0, 0, 0, 0, 0, 0),
(389030, 8, -27, -287, -55, 0, 0, 0, 0, 0, 0, 0, 0, 0, 0, 0, 0, 0);
UPDATE `creature` SET `MovementType` =  '2' WHERE `creature`.`guid` =389032 LIMIT 1 ;
INSERT INTO `creature_movement` VALUES
(389032, 1, -33, -320, -52, 0, 0, 0, 0, 0, 0, 0, 0, 0, 0, 0, 0, 0),
(389032, 2, -27, -287, -55, 0, 0, 0, 0, 0, 0, 0, 0, 0, 0, 0, 0, 0),
(389032, 3, -47, -251, -59, 0, 0, 0, 0, 0, 0, 0, 0, 0, 0, 0, 0, 0),
(389032, 4, -73, -239, -57, 0, 0, 0, 0, 0, 0, 0, 0, 0, 0, 0, 0, 0),
(389032, 5, -91, -237, -56, 0, 0, 0, 0, 0, 0, 0, 0, 0, 0, 0, 0, 0),
(389032, 6, -73, -239, -57, 0, 0, 0, 0, 0, 0, 0, 0, 0, 0, 0, 0, 0),
(389032, 7, -47, -251, -59, 0, 0, 0, 0, 0, 0, 0, 0, 0, 0, 0, 0, 0),
(389032, 8, -27, -287, -55, 0, 0, 0, 0, 0, 0, 0, 0, 0, 0, 0, 0, 0);
UPDATE `creature` SET `MovementType` =  '2' WHERE `creature`.`guid` =389034 LIMIT 1 ;
INSERT INTO `creature_movement` VALUES
(389034, 1, -33, -320, -52, 0, 0, 0, 0, 0, 0, 0, 0, 0, 0, 0, 0, 0),
(389034, 2, -27, -287, -55, 0, 0, 0, 0, 0, 0, 0, 0, 0, 0, 0, 0, 0),
(389034, 3, -47, -251, -59, 0, 0, 0, 0, 0, 0, 0, 0, 0, 0, 0, 0, 0),
(389034, 4, -73, -239, -57, 0, 0, 0, 0, 0, 0, 0, 0, 0, 0, 0, 0, 0),
(389034, 5, -91, -237, -56, 0, 0, 0, 0, 0, 0, 0, 0, 0, 0, 0, 0, 0),
(389034, 6, -73, -239, -57, 0, 0, 0, 0, 0, 0, 0, 0, 0, 0, 0, 0, 0),
(389034, 7, -47, -251, -59, 0, 0, 0, 0, 0, 0, 0, 0, 0, 0, 0, 0, 0),
(389034, 8, -27, -287, -55, 0, 0, 0, 0, 0, 0, 0, 0, 0, 0, 0, 0, 0);



UPDATE `creature` SET `MovementType` =  '2' WHERE `creature`.`guid` =389064 LIMIT 1 ;
INSERT INTO `creature_movement` VALUES
(389064, 1, -5, -315, -51, 0, 0, 0, 0, 0, 0, 0, 0, 0, 0, 0, 0, 0),
(389064, 2, -31, -248, -58, 0, 0, 0, 0, 0, 0, 0, 0, 0, 0, 0, 0, 0);
UPDATE `creature` SET `MovementType` =  '2' WHERE `creature`.`guid` =84040 LIMIT 1 ;
INSERT INTO `creature_movement` VALUES
(84040, 1, -5, -315, -51, 0, 0, 0, 0, 0, 0, 0, 0, 0, 0, 0, 0, 0),
(84040, 2, -31, -248, -58, 0, 0, 0, 0, 0, 0, 0, 0, 0, 0, 0, 0, 0);
UPDATE `creature` SET `MovementType` =  '2' WHERE `creature`.`guid` =84039 LIMIT 1 ;
INSERT INTO `creature_movement` VALUES
(84039, 1, -5, -315, -51, 0, 0, 0, 0, 0, 0, 0, 0, 0, 0, 0, 0, 0),
(84039, 2, -31, -248, -58, 0, 0, 0, 0, 0, 0, 0, 0, 0, 0, 0, 0, 0);



UPDATE `creature` SET `MovementType` =  '2' WHERE `creature`.`guid` =389066 LIMIT 1 ;
INSERT INTO `creature_movement` VALUES
(389066, 1, 41, -317, -53, 0, 0, 0, 0, 0, 0, 0, 0, 0, 0, 0, 0, 0),
(389066, 2, 0, -221, -53, 0, 0, 0, 0, 0, 0, 0, 0, 0, 0, 0, 0, 0);
UPDATE `creature` SET `MovementType` =  '2' WHERE `creature`.`guid` =84042 LIMIT 1 ;
INSERT INTO `creature_movement` VALUES
(84042, 1, 41, -317, -53, 0, 0, 0, 0, 0, 0, 0, 0, 0, 0, 0, 0, 0),
(84042, 2, 0, -221, -53, 0, 0, 0, 0, 0, 0, 0, 0, 0, 0, 0, 0, 0);
UPDATE `creature` SET `MovementType` =  '2' WHERE `creature`.`guid` =84043 LIMIT 1 ;
INSERT INTO `creature_movement` VALUES
(84043, 1, 41, -317, -53, 0, 0, 0, 0, 0, 0, 0, 0, 0, 0, 0, 0, 0),
(84043, 2, 0, -221, -53, 0, 0, 0, 0, 0, 0, 0, 0, 0, 0, 0, 0, 0);



UPDATE `creature` SET `MovementType` =  '2' WHERE `creature`.`guid` =388354 LIMIT 1 ;
INSERT INTO `creature_movement` VALUES
(388354, 1, 21, -207, -4, 0, 0, 0, 0, 0, 0, 0, 0, 0, 0, 0, 0, 
0),
(388354, 2, 3.5, -188, -4, 0, 0, 0, 0, 0, 0, 0, 0, 0, 0, 0, 0, 0),
(388354, 3, -35, -204, -4, 0, 0, 0, 0, 0, 0, 0, 0, 0, 0, 0, 0, 0),
(388354, 4, 3.5, -188, -4, 0, 0, 0, 0, 0, 0, 0, 0, 0, 0, 0, 0, 0);
UPDATE `creature` SET `MovementType` =  '2' WHERE `creature`.`guid` =388356 LIMIT 1 ;
INSERT INTO `creature_movement` VALUES
(388356, 1, 24, -210, -4, 0, 0, 0, 0, 0, 0, 0, 0, 0, 0, 0, 0, 
0),
(388356, 2, 6.5, -191, -4, 0, 0, 0, 0, 0, 0, 0, 0, 0, 0, 0, 0, 0),
(388356, 3, -38, -207, -4, 0, 0, 0, 0, 0, 0, 0, 0, 0, 0, 0, 0, 0),
(388356, 4, 6.5, -191, -4, 0, 0, 0, 0, 0, 0, 0, 0, 0, 0, 0, 0, 0);
UPDATE `creature` SET `MovementType` =  '2' WHERE `creature`.`guid` =388358 LIMIT 1 ;
INSERT INTO `creature_movement` VALUES
(388358, 1, 18, -204, -4, 0, 0, 0, 0, 0, 0, 0, 0, 0, 0, 0, 0, 
0),
(388358, 2, 0.5, -185, -4, 0, 0, 0, 0, 0, 0, 0, 0, 0, 0, 0, 0, 0),
(388358, 3, -32, -201, -4, 0, 0, 0, 0, 0, 0, 0, 0, 0, 0, 0, 0, 0),
(388358, 4, 0.5, -185, -4, 0, 0, 0, 0, 0, 0, 0, 0, 0, 0, 0, 0, 0);



UPDATE `creature` SET `MovementType` =  '2' WHERE `creature`.`guid` =388366 LIMIT 1 ;
INSERT INTO `creature_movement` VALUES
(388366, 1, -71, -207, -4, 0, 0, 0, 0, 0, 0, 0, 0, 0, 0, 0, 0, 
0),
(388366, 2, -89, -191, -4, 0, 0, 0, 0, 0, 0, 0, 0, 0, 0, 0, 0, 0),
(388366, 3, -104, -203, -4, 0, 0, 0, 0, 0, 0, 0, 0, 0, 0, 0, 0, 0),
(388366, 4, -140, -190, -4, 0, 0, 0, 0, 0, 0, 0, 0, 0, 0, 0, 0, 0),
(388366, 5, -104, -203, -4, 0, 0, 0, 0, 0, 0, 0, 0, 0, 0, 0, 0, 0),
(388366, 6, -89, -191, -4, 0, 0, 0, 0, 0, 0, 0, 0, 0, 0, 0, 0, 0);
UPDATE `creature` SET `MovementType` =  '2' WHERE `creature`.`guid` =388368 LIMIT 1 ;
INSERT INTO `creature_movement` VALUES
(388368, 1, -74, -210, -4, 0, 0, 0, 0, 0, 0, 0, 0, 0, 0, 0, 0, 
0),
(388368, 2, -92, -194, -4, 0, 0, 0, 0, 0, 0, 0, 0, 0, 0, 0, 0, 0),
(388368, 3, -107, -206, -4, 0, 0, 0, 0, 0, 0, 0, 0, 0, 0, 0, 0, 0),
(388368, 4, -143, -193, -4, 0, 0, 0, 0, 0, 0, 0, 0, 0, 0, 0, 0, 0),
(388368, 5, -107, -206, -4, 0, 0, 0, 0, 0, 0, 0, 0, 0, 0, 0, 0, 0),
(388368, 6, -92, -194, -4, 0, 0, 0, 0, 0, 0, 0, 0, 0, 0, 0, 0, 0);
UPDATE `creature` SET `MovementType` =  '2' WHERE `creature`.`guid` =388370 LIMIT 1 ;
INSERT INTO `creature_movement` VALUES
(388370, 1, -68, -204, -4, 0, 0, 0, 0, 0, 0, 0, 0, 0, 0, 0, 0, 
0),
(388370, 2, -86, -188, -4, 0, 0, 0, 0, 0, 0, 0, 0, 0, 0, 0, 0, 0),
(388370, 3, -101, -200, -4, 0, 0, 0, 0, 0, 0, 0, 0, 0, 0, 0, 0, 0),
(388370, 4, -137, -187, -4, 0, 0, 0, 0, 0, 0, 0, 0, 0, 0, 0, 0, 0),
(388370, 5, -101, -200, -4, 0, 0, 0, 0, 0, 0, 0, 0, 0, 0, 0, 0, 0),
(388370, 6, -86, -188, -4, 0, 0, 0, 0, 0, 0, 0, 0, 0, 0, 0, 0, 0);



UPDATE `creature` SET `MovementType` =  '2' WHERE `creature`.`guid` =388392 LIMIT 1 ;
INSERT INTO `creature_movement` VALUES
(388392, 1, -144, -307, -4, 0, 0, 0, 0, 0, 0, 0, 0, 0, 0, 0, 0, 0),
(388392, 2, -154, -290, -4, 0, 0, 0, 0, 0, 0, 0, 0, 0, 0, 0, 0, 0),
(388392, 3, -158, -217, -4, 0, 0, 0, 0, 0, 0, 0, 0, 0, 0, 0, 0, 0),
(388392, 4, -154, -290, -4, 0, 0, 0, 0, 0, 0, 0, 0, 0, 0, 0, 0, 0);
UPDATE `creature` SET `MovementType` =  '2' WHERE `creature`.`guid` =388394 LIMIT 1 ;
INSERT INTO `creature_movement` VALUES
(388394, 1, -147, -311, -4, 0, 0, 0, 0, 0, 0, 0, 0, 0, 0, 0, 0, 0),
(388394, 2, -157, -293, -4, 0, 0, 0, 0, 0, 0, 0, 0, 0, 0, 0, 0, 0),
(388394, 3, -161, -220, -4, 0, 0, 0, 0, 0, 0, 0, 0, 0, 0, 0, 0, 0),
(388394, 4, -157, -293, -4, 0, 0, 0, 0, 0, 0, 0, 0, 0, 0, 0, 0, 0);
UPDATE `creature` SET `MovementType` =  '2' WHERE `creature`.`guid` =388396 LIMIT 1 ;
INSERT INTO `creature_movement` VALUES
(388396, 1, -141, -304, -4, 0, 0, 0, 0, 0, 0, 0, 0, 0, 0, 0, 0, 0),
(388396, 2, -151, -287, -4, 0, 0, 0, 0, 0, 0, 0, 0, 0, 0, 0, 0, 0),
(388396, 3, -155, -214, -4, 0, 0, 0, 0, 0, 0, 0, 0, 0, 0, 0, 0, 0),
(388396, 4, -151, -287, -4, 0, 0, 0, 0, 0, 0, 0, 0, 0, 0, 0, 0, 0);



UPDATE `creature` SET `MovementType` =  '2' WHERE `creature`.`guid` =388982 LIMIT 1 ;
INSERT INTO `creature_movement` VALUES
(388982, 1, -139, -365, -4, 0, 0, 0, 0, 0, 0, 0, 0, 0, 0, 0, 0, 0),
(388982, 2, -120, -346, -4, 0, 0, 0, 0, 0, 0, 0, 0, 0, 0, 0, 0, 0),
(388982, 3, -98, -359, -4, 0, 0, 0, 0, 0, 0, 0, 0, 0, 0, 0, 0, 0),
(388982, 4, -120, -346, -4, 0, 0, 0, 0, 0, 0, 0, 0, 0, 0, 0, 0, 0);
UPDATE `creature` SET `MovementType` =  '2' WHERE `creature`.`guid` =388984 LIMIT 1 ;
INSERT INTO `creature_movement` VALUES
(388984, 1, -141, -368, -4, 0, 0, 0, 0, 0, 0, 0, 0, 0, 0, 0, 0, 0),
(388984, 2, -123, -349, -4, 0, 0, 0, 0, 0, 0, 0, 0, 0, 0, 0, 0, 0),
(388984, 3, -101, -362, -4, 0, 0, 0, 0, 0, 0, 0, 0, 0, 0, 0, 0, 0),
(388984, 4, -123, -349, -4, 0, 0, 0, 0, 0, 0, 0, 0, 0, 0, 0, 0, 0);
UPDATE `creature` SET `MovementType` =  '2' WHERE `creature`.`guid` =388986 LIMIT 1 ;
INSERT INTO `creature_movement` VALUES
(388986, 1, -136, -362, -4, 0, 0, 0, 0, 0, 0, 0, 0, 0, 0, 0, 0, 0),
(388986, 2, -117, -343, -4, 0, 0, 0, 0, 0, 0, 0, 0, 0, 0, 0, 0, 0),
(388986, 3, -95, -356, -4, 0, 0, 0, 0, 0, 0, 0, 0, 0, 0, 0, 0, 0),
(388986, 4, -117, -343, -4, 0, 0, 0, 0, 0, 0, 0, 0, 0, 0, 0, 0, 0);


UPDATE `creature` SET `MovementType` =  '2' WHERE `creature`.`guid` =388450 LIMIT 1 ;
INSERT INTO `creature_movement` VALUES
(388450, 1, 5, -345, -4, 0, 0, 0, 0, 0, 0, 0, 0, 0, 0, 0, 0, 0),
(388450, 2, -28, -366, -4, 0, 0, 0, 0, 0, 0, 0, 0, 0, 0, 0, 0, 0),
(388450, 3, -49, -348, -4, 0, 0, 0, 0, 0, 0, 0, 0, 0, 0, 0, 0, 0),
(388450, 4, -28, -366, -4, 0, 0, 0, 0, 0, 0, 0, 0, 0, 0, 0, 0, 0);
UPDATE `creature` SET `MovementType` =  '2' WHERE `creature`.`guid` =388452 LIMIT 1 ;
INSERT INTO `creature_movement` VALUES
(388452, 1, 8, -348, -4, 0, 0, 0, 0, 0, 0, 0, 0, 0, 0, 0, 0, 0),
(388452, 2, -31, -369, -4, 0, 0, 0, 0, 0, 0, 0, 0, 0, 0, 0, 0, 0),
(388452, 3, -52, -351, -4, 0, 0, 0, 0, 0, 0, 0, 0, 0, 0, 0, 0, 0),
(388452, 4, -31, -369, -4, 0, 0, 0, 0, 0, 0, 0, 0, 0, 0, 0, 0, 0);
UPDATE `creature` SET `MovementType` =  '2' WHERE `creature`.`guid` =388454 LIMIT 1 ;
INSERT INTO `creature_movement` VALUES
(388454, 1, 2, -342, -4, 0, 0, 0, 0, 0, 0, 0, 0, 0, 0, 0, 0, 0),
(388454, 2, -25, -363, -4, 0, 0, 0, 0, 0, 0, 0, 0, 0, 0, 0, 0, 0),
(388454, 3, -46, -345, -4, 0, 0, 0, 0, 0, 0, 0, 0, 0, 0, 0, 0, 0),
(388454, 4, -25, -363, -4, 0, 0, 0, 0, 0, 0, 0, 0, 0, 0, 0, 0, 0);


UPDATE `creature` SET `MovementType` =  '2' WHERE `creature`.`guid` =393053 LIMIT 1 ;
INSERT INTO `creature_movement` VALUES
(393053, 1, 22, -353, -4, 0, 0, 0, 0, 0, 0, 0, 0, 0, 0, 0, 0, 0),
(393053, 2, 98, -353, -4, 0, 0, 0, 0, 0, 0, 0, 0, 0, 0, 0, 0, 0);
UPDATE `creature` SET `MovementType` =  '2' WHERE `creature`.`guid` =393055 LIMIT 1 ;
INSERT INTO `creature_movement` VALUES
(393055, 1, 25, -356, -4, 0, 0, 0, 0, 0, 0, 0, 0, 0, 0, 0, 0, 0),
(393055, 2, 101, -356, -4, 0, 0, 0, 0, 0, 0, 0, 0, 0, 0, 0, 0, 0);
UPDATE `creature` SET `MovementType` =  '2' WHERE `creature`.`guid` =393057 LIMIT 1 ;
INSERT INTO `creature_movement` VALUES
(393057, 1, 19, -350, -4, 0, 0, 0, 0, 0, 0, 0, 0, 0, 0, 0, 0, 0),
(393057, 2, 95, -350, -4, 0, 0, 0, 0, 0, 0, 0, 0, 0, 0, 0, 0, 0);


UPDATE `creature` SET `MovementType` =  '2' WHERE `creature`.`guid` =84036 LIMIT 1 ;
INSERT INTO `creature_movement` VALUES
(84036, 1, -115, -402, -58.5, 0, 0, 0, 0, 0, 0, 0, 0, 0, 0, 0, 0, 0),
(84036, 2, -119, -402, -57, 0, 0, 0, 0, 0, 0, 0, 0, 0, 0, 0, 0, 0),
(84036, 3, -141, -402, -57.5, 0, 0, 0, 0, 0, 0, 0, 0, 0, 0, 0, 0, 0),
(84036, 4, -142, -369, -57, 0, 0, 0, 0, 0, 0, 0, 0, 0, 0, 0, 0, 0),
(84036, 5, -141, -402, -57.5, 0, 0, 0, 0, 0, 0, 0, 0, 0, 0, 0, 0, 0),
(84036, 6, -119, -402, -57, 0, 0, 0, 0, 0, 0, 0, 0, 0, 0, 0, 0, 0);


UPDATE `creature` SET `MovementType` =  '2' WHERE `creature`.`guid` =84034 LIMIT 1 ;
INSERT INTO `creature_movement` VALUES
(84034, 1, 79, -450, -58.5, 0, 0, 0, 0, 0, 0, 0, 0, 0, 0, 0, 0, 0),
(84034, 2, 91, -449, -57, 0, 0, 0, 0, 0, 0, 0, 0, 0, 0, 0, 0, 0),
(84034, 3, 107, -457, -54, 0, 0, 0, 0, 0, 0, 0, 0, 0, 0, 0, 0, 0),
(84034, 4, 112, -472, -51, 0, 0, 0, 0, 0, 0, 0, 0, 0, 0, 0, 0, 0),
(84034, 5, 105, -487, -48, 0, 0, 0, 0, 0, 0, 0, 0, 0, 0, 0, 0, 0),
(84034, 6, 91, -492, -45, 0, 0, 0, 0, 0, 0, 0, 0, 0, 0, 0, 0, 0),
(84034, 7, 26, -493, -37, 0, 0, 0, 0, 0, 0, 0, 0, 0, 0, 0, 0, 0),
(84034, 8, 4, -492, -36.4, 0, 0, 0, 0, 0, 0, 0, 0, 0, 0, 0, 0, 0),
(84034, 9, 26, -493, -37, 0, 0, 0, 0, 0, 0, 0, 0, 0, 0, 0, 0, 0),
(84034, 10, 91, -492, -45, 0, 0, 0, 0, 0, 0, 0, 0, 0, 0, 0, 0, 0),
(84034, 11, 105, -487, -48, 0, 0, 0, 0, 0, 0, 0, 0, 0, 0, 0, 0, 0),
(84034, 12, 112, -472, -51, 0, 0, 0, 0, 0, 0, 0, 0, 0, 0, 0, 0, 0),
(84034, 13, 107, -457, -54, 0, 0, 0, 0, 0, 0, 0, 0, 0, 0, 0, 0, 0),
(84034, 14, 91, -449, -57, 0, 0, 0, 0, 0, 0, 0, 0, 0, 0, 0, 0, 0);


UPDATE `creature` SET `MovementType` =  '2' WHERE `creature`.`guid` =390160 LIMIT 1 ;
INSERT INTO `creature_movement` VALUES
(390160, 1, 333, -410, -76, 0, 0, 0, 0, 0, 0, 0, 0, 0, 0, 0, 0, 0),
(390160, 2, 307, -379, -67.5, 0, 0, 0, 0, 0, 0, 0, 0, 0, 0, 0, 0, 0),
(390160, 3, 268, -369, -67.5, 0, 0, 0, 0, 0, 0, 0, 0, 0, 0, 0, 0, 0),
(390160, 4, 267, -379, -67.5, 10000, 0, 0, 0, 0, 0, 0, 0, 0, 0, 0, 0, 0),
(390160, 5, 268, -369, -67.5, 0, 0, 0, 0, 0, 0, 0, 0, 0, 0, 0, 0, 0),
(390160, 6, 219, -375, -67.5, 0, 0, 0, 0, 0, 0, 0, 0, 0, 0, 0, 0, 0),
(390160, 7, 190, -415, -77, 0, 0, 0, 0, 0, 0, 0, 0, 0, 0, 0, 0, 0),
(390160, 8, 219, -375, -67.5, 0, 0, 0, 0, 0, 0, 0, 0, 0, 0, 0, 0, 0),
(390160, 9, 268, -369, -67.5, 0, 0, 0, 0, 0, 0, 0, 0, 0, 0, 0, 0, 0),
(390160, 10, 267, -379, -67.5, 10000, 0, 0, 0, 0, 0, 0, 0, 0, 0, 0, 0, 0),
(390160, 11, 268, -369, -67.5, 0, 0, 0, 0, 0, 0, 0, 0, 0, 0, 0, 0, 0),
(390160, 12, 307, -379, -67.5, 0, 0, 0, 0, 0, 0, 0, 0, 0, 0, 0, 0, 0);


UPDATE `creature` SET `MovementType` =  '2' WHERE `creature`.`guid` =394976 LIMIT 1 ;
INSERT INTO `creature_movement` VALUES
(394976, 1, -86, -476, -4.3, 0, 0, 0, 0, 0, 0, 0, 0, 0, 0, 0, 0, 0),
(394976, 2, -94, -498, -12.7, 0, 0, 0, 0, 0, 0, 0, 0, 0, 0, 0, 0, 0),
(394976, 3, -123, -508, -24.4, 0, 0, 0, 0, 0, 0, 0, 0, 0, 0, 0, 0, 0),
(394976, 4, -149, -489, -36.5, 0, 0, 0, 0, 0, 0, 0, 0, 0, 0, 0, 0, 0),
(394976, 5, -143, -455, -50, 0, 0, 0, 0, 0, 0, 0, 0, 0, 0, 0, 0, 0),
(394976, 6, -121, -447, -58.5, 0, 0, 0, 0, 0, 0, 0, 0, 0, 0, 0, 0, 0),
(394976, 7, -143, -455, -50, 0, 0, 0, 0, 0, 0, 0, 0, 0, 0, 0, 0, 0),
(394976, 8, -149, -489, -36.5, 0, 0, 0, 0, 0, 0, 0, 0, 0, 0, 0, 0, 0),
(394976, 9, -123, -508, -24.4, 0, 0, 0, 0, 0, 0, 0, 0, 0, 0, 0, 0, 0),
(394976, 10, -94, -498, -12.7, 0, 0, 0, 0, 0, 0, 0, 0, 0, 0, 0, 0, 0);


UPDATE `creature` SET `MovementType` =  '2' WHERE `creature`.`guid` =57003 LIMIT 1 ;
INSERT INTO `creature_movement` VALUES
(57003, 1, 37, -420, -4, 0, 0, 0, 0, 0, 0, 0, 0, 0, 0, 0, 0, 0),
(57003, 2, -63, -420, -4, 0, 0, 0, 0, 0, 0, 0, 0, 0, 0, 0, 0, 0),
(57003, 3, -63, -443, -4, 0, 0, 0, 0, 0, 0, 0, 0, 0, 0, 0, 0, 0),
(57003, 4, 36, -443, -4, 0, 0, 0, 0, 0, 0, 0, 0, 0, 0, 0, 0, 0);


UPDATE `creature` SET `MovementType` =  '2' WHERE `creature`.`guid` =57025 LIMIT 1 ;
INSERT INTO `creature_movement` VALUES
(57025, 4, 37, -420, -4, 0, 0, 0, 0, 0, 0, 0, 0, 0, 0, 0, 0, 0),
(57025, 3, -63, -420, -4, 0, 0, 0, 0, 0, 0, 0, 0, 0, 0, 0, 0, 0),
(57025, 2, -63, -443, -4, 0, 0, 0, 0, 0, 0, 0, 0, 0, 0, 0, 0, 0),
(57025, 1, 36, -443, -4, 0, 0, 0, 0, 0, 0, 0, 0, 0, 0, 0, 0, 0);


UPDATE `creature` SET `MovementType` =  '2' WHERE `creature`.`guid` =394978 LIMIT 1 ;
INSERT INTO `creature_movement` VALUES
(394978, 1, 112, -351, -3.2, 0, 0, 0, 0, 0, 0, 0, 0, 0, 0, 0, 0, 0),
(394978, 2, 111, -469, -2.7, 0, 0, 0, 0, 0, 0, 0, 0, 0, 0, 0, 0, 0),
(394978, 3, 112, -485, -6.8, 0, 0, 0, 0, 0, 0, 0, 0, 0, 0, 0, 0, 0),
(394978, 4, 111, -515, -6.9, 0, 0, 0, 0, 0, 0, 0, 0, 0, 0, 0, 0, 0),
(394978, 5, 112, -485, -6.8, 0, 0, 0, 0, 0, 0, 0, 0, 0, 0, 0, 0, 0),
(394978, 6, 111, -469, -2.7, 0, 0, 0, 0, 0, 0, 0, 0, 0, 0, 0, 0, 0);


UPDATE `creature` SET `MovementType` =  '2' WHERE `creature`.`guid` =56998 LIMIT 1 ;
INSERT INTO `creature_movement` VALUES
(56998, 1, 40, -597, -25, 0, 0, 0, 0, 0, 0, 0, 0, 0, 0, 0, 0, 0),
(56998, 2, 39, -727, -25, 0, 0, 0, 0, 0, 0, 0, 0, 0, 0, 0, 0, 0);


UPDATE `creature` SET `MovementType` =  '2' WHERE `creature`.`guid` =56997 LIMIT 1 ;
INSERT INTO `creature_movement` VALUES
(56997, 1, 69, -612, -25, 0, 0, 0, 0, 0, 0, 0, 0, 0, 0, 0, 0, 0),
(56997, 2, 30, -612, -25, 0, 0, 0, 0, 0, 0, 0, 0, 0, 0, 0, 0, 0);


UPDATE `creature` SET `MovementType` =  '2' WHERE `creature`.`guid` =56999 LIMIT 1 ;
INSERT INTO `creature_movement` VALUES
(56999, 1, 61, -648, -25, 0, 0, 0, 0, 0, 0, 0, 0, 0, 0, 0, 0, 0),
(56999, 2, 36, -643, -25, 0, 0, 0, 0, 0, 0, 0, 0, 0, 0, 0, 0, 0);

delete from `creature_ai_scripts` where id = 1145602;
INSERT INTO `creature_ai_scripts` VALUES 
('1145602', '11456', '11', '0', '100', '0', '0', '0', '0', '0', '11', '1787', '0', '1', '0', '0', '0', '0', '0', '0', '0', '0', '');
delete from `creature_ai_scripts` where id = 1149003;
INSERT INTO `creature_ai_scripts` VALUES
(1149003, 11490, 6, 0, 100, 0, 0, 0, 0, 0, 32, 14241, 1, 14241, 0, 0, 0, 0, 0, 0, 0, 0, '');
delete from `creature_ai_summons` where id = 14241;
INSERT INTO `creature_ai_summons` VALUES
(14241, 122, -266, -56, 3.98, 99999999, '');
UPDATE `creature_template` SET `faction_A` = '35',
`faction_H` = '35' WHERE `creature_template`.`entry` =14241 LIMIT 1 ;
UPDATE `creature_template` SET npcflag = 2 where entry =14241;
delete from `gameobject_template` where entry = 1007007;
delete from gameobject where guid = 13372414;
INSERT INTO `gameobject_template`  VALUES
(1007007, 0, 4511, 'Door', 114, 34, 1.24617, 1, 85, 0, 0, 0, 0, 0, 0, 0, 0, 0, 0, 0, 0, 0, 0, 0, 0, 0, 0, 0, 0, 0, 0, 0, 0, '');
INSERT INTO `gameobject` VALUES
(13372414, 1007007, 429, 131.482, -278.779, -56.0672, 3.18107, 0, 0, 0.999805, -0.0197373, 25, 0, 1);
delete from quest_template where entry = 1007007;
delete from creature_questrelation where quest = 1007007;
delete from creature_involvedrelation where quest = 1007007;
delete from quest_end_scripts where id = 1007007;
UPDATE `creature_template` SET `npcflag` = '2' WHERE `creature_template`.`entry` =11491 LIMIT 1 ; 
INSERT INTO quest_template VALUES
(1007007, 0, 0, 0, 0, 0, 81, 0, 0, 0, 0, 0, 0, 0, 0, 0, 0, 8, 1, 0, 0, 0, 0, 0, 0, 0, 0, 'Eisenborke der Erlste', NULL, NULL, NULL, 'Danke, Sterblicher. Es gibt noch einen Dienst, den ich Euch erweisen kann, bevor ich wieder in den Traum zurckkehre.\r\n\r\nDie Tr zu Zevrims Meister, Alzzin, sie blockiert Euren Weg. Ich kann Euch als Mittel der Zerstrung dienlich sein. Die Tr wird geffnet werden, ich erwarte Euren Befehl.' , NULL, NULL, NULL, NULL, NULL, 0, 0, 0, 0, 0, 0, 0, 0, 0, 0, 0, 0, 0, 0, 0, 0, 0, 0, 0, 0, 0, 0, 0, 0, 0, 0, 0, 0, 0, 0, 0, 0, 0, 0, 0, 0, 0, 0, 0, 0, 0, 0, 0, 0, 0, 0, 0, 0, 0, 0, 0, 0, 0, 0, 0, 0, 0, 0, 0, 0, 0, 0, 0, 0, 0, 0, 0, 0, 0, 0, 0, 0, 0, 0, 0, 0, 0, 0, 0, 0, 0, 0, 0, 0, 0, 0, 0, 1007007);
INSERT INTO `creature_questrelation` VALUES 
('14241', '1007007');
INSERT INTO `creature_involvedrelation` VALUES 
('14241', '1007007');
INSERT INTO `quest_end_scripts` VALUES 
('1007007', '0', '11', '13372414', '30000', '0', '0', '0', '0', '0', '0', '0', '0');
delete from creature_template where entry = 16045;
delete from `creature_ai_scripts` where id = 1604501;
INSERT INTO `creature_template` VALUES
(16045, 0, 0, 0, 1126, 11686, 'Isalien Trigger', NULL, 0, 1, 1, 42, 42, 0, 0, 20, 35, 35, 0, 1, 1.2, 1, 0, 0, 0, 0, 0, 1, 0, 2200, 33554432, 0, 0, 0, 0, 0, 0, 0, 1, 100, 10, 0, 0, 0, 0, 0, 0, 0, 0, 0, 0, 0, 0, 0, 0, 0, 0, 0, 'EventAI', 0, 3, 0, 0, 1, 0, 0, 130, '');
INSERT INTO `creature_ai_scripts` VALUES
(1604501, 16045, 8, 0, 100, 2, 27190, -1, 0, 0, 12, 16097, 1, 60000, 41, 0, 0, 0, 0, 0, 0, 0, 'Spawn Isalien and Despawn Trigger on Summon Isalien DND Spellhit');
UPDATE `creature_template` SET `mechanic_immune_mask`  = '1073725439' WHERE `creature_template`.`entry` =14354 LIMIT 1 ;
UPDATE `creature_template` SET `mechanic_immune_mask`  = '1073725439' WHERE `creature_template`.`entry` =14349 LIMIT 1 ;
UPDATE `creature_template` SET `mechanic_immune_mask`  = '1073725439' WHERE `creature_template`.`entry` =14327 LIMIT 1 ;
UPDATE `creature_template` SET `mechanic_immune_mask`  = '1073725439' WHERE `creature_template`.`entry` =11490 LIMIT 1 ;
UPDATE `creature_template` SET `mechanic_immune_mask`  = '1073725439' WHERE `creature_template`.`entry` =16097 LIMIT 1 ;
UPDATE `creature_template` SET `mechanic_immune_mask`  = '1073725439' WHERE `creature_template`.`entry` =11492 LIMIT 1 ;
UPDATE `creature_template` SET `mechanic_immune_mask`  = '1073725439' WHERE `creature_template`.`entry` =13280 LIMIT 1 ;

UPDATE `creature_template` SET 
`AIName` = 'EventAI' 
WHERE `creature_template`.`entry` =14354 LIMIT 1 ;
delete from `creature_ai_scripts` where creature_id = 14354;
INSERT INTO `creature_ai_scripts` VALUES
(143541, 14354, 0, 0, 5, 1, 0, 0, 0, 0, 11, 22424, 4, 0, 0, 0, 0, 0, 0, 0, 0, 0, ''),
(143542, 14354, 0, 0, 10, 1, 0, 0, 0, 0, 11, 15228, 4, 0, 0, 0, 0, 0, 0, 0, 0, 0, ''),
(143543, 14354, 0, 0, 10, 1, 0, 0, 0, 0, 11, 14145, 4, 0, 0, 0, 0, 0, 0, 0, 0, 0, '');


